[
  {
    "Fuel_Type": "VLSFO",
    "Bunker_Batch": 1,
    "ME_Cons_mt": null,
    "AE_Cons_mt": 0,
    "AE_Hotel_Load_Cons_mt": null,
    "AE_Ballast_Cons_mt": null,
    "AE_Tank_Cleaning_Cons_mt": null,
    "AE_Cargo_Heating_Cons_mt": null,
    "AE_Cargo_Transfer_Cons_mt": null,
    "AE_Inerting_Cons_mt": null,
    "AE_Crane_Cons_mt": null,
    "AE_Cooling_Cons_mt": null,
    "AE_Miscellaneous_Cons_mt": null,
    "Boiler_Cons_mt": null,
    "Boiler_Hotel_Load_Cons_mt": null,
    "Boiler_Ballast_Cons_mt": null,
    "Boiler_Tank_Cleaning_Cons_mt": null,
    "Boiler_Cargo_Heating_Cons_mt": null,
    "Boiler_Cargo_Transfer_Cons_mt": null,
    "Boiler_Inerting_Cons_mt": null,
    "Boiler_Miscellaneous_Cons_mt": null,
    "GCU_Cons_mt": null,
    "IGG_Cons_mt": null,
    "Incinerator_Cons_mt": null,
    "Diesel_Power_Pack": null,
    "Others_Cons_mt": null,
    "Pilot_Flame_Cons_mt": null,
    "Calculated_ROB_mt": 380,
    "CE_Declared_ROB_mt": 10.29,
    "Adjustment_mt": null,
    "Adjustment_Reason": "Other",
    "Comment": "",
    "id": 1,
    "report_id": 1
  },
  {
    "Fuel_Type": "HSFO",
    "Bunker_Batch": 2,
    "ME_Cons_mt": null,
    "AE_Cons_mt": null,
    "AE_Hotel_Load_Cons_mt": null,
    "AE_Ballast_Cons_mt": null,
    "AE_Tank_Cleaning_Cons_mt": null,
    "AE_Cargo_Heating_Cons_mt": null,
    "AE_Cargo_Transfer_Cons_mt": null,
    "AE_Inerting_Cons_mt": null,
    "AE_Crane_Cons_mt": null,
    "AE_Cooling_Cons_mt": null,
    "AE_Miscellaneous_Cons_mt": null,
    "Boiler_Cons_mt": null,
    "Boiler_Hotel_Load_Cons_mt": null,
    "Boiler_Ballast_Cons_mt": null,
    "Boiler_Tank_Cleaning_Cons_mt": null,
    "Boiler_Cargo_Heating_Cons_mt": null,
    "Boiler_Cargo_Transfer_Cons_mt": null,
    "Boiler_Inerting_Cons_mt": null,
    "Boiler_Miscellaneous_Cons_mt": null,
    "GCU_Cons_mt": null,
    "IGG_Cons_mt": null,
    "Incinerator_Cons_mt": null,
    "Diesel_Power_Pack": null,
    "Others_Cons_mt": null,
    "Pilot_Flame_Cons_mt": null,
    "Calculated_ROB_mt": 598.13,
    "CE_Declared_ROB_mt": 76.96,
    "Adjustment_mt": 0,
    "Adjustment_Reason": "Other",
    "Comment": null,
    "id": 2,
    "report_id": 1
  },
  {
    "Fuel_Type": "HSFO",
    "Bunker_Batch": 5,
    "ME_Cons_mt": null,
    "AE_Cons_mt": null,
    "AE_Hotel_Load_Cons_mt": null,
    "AE_Ballast_Cons_mt": null,
    "AE_Tank_Cleaning_Cons_mt": null,
    "AE_Cargo_Heating_Cons_mt": null,
    "AE_Cargo_Transfer_Cons_mt": null,
    "AE_Inerting_Cons_mt": null,
    "AE_Crane_Cons_mt": null,
    "AE_Cooling_Cons_mt": null,
    "AE_Miscellaneous_Cons_mt": null,
    "Boiler_Cons_mt": 0,
    "Boiler_Hotel_Load_Cons_mt": null,
    "Boiler_Ballast_Cons_mt": null,
    "Boiler_Tank_Cleaning_Cons_mt": null,
    "Boiler_Cargo_Heating_Cons_mt": null,
    "Boiler_Cargo_Transfer_Cons_mt": null,
    "Boiler_Inerting_Cons_mt": null,
    "Boiler_Miscellaneous_Cons_mt": null,
    "GCU_Cons_mt": null,
    "IGG_Cons_mt": null,
    "Incinerator_Cons_mt": null,
    "Diesel_Power_Pack": null,
    "Others_Cons_mt": null,
    "Pilot_Flame_Cons_mt": null,
    "Calculated_ROB_mt": 998.25,
    "CE_Declared_ROB_mt": 998.25,
    "Adjustment_mt": 0,
    "Adjustment_Reason": null,
    "Comment": null,
    "id": 3,
    "report_id": 1
  },
  {
    "Fuel_Type": "MGO",
    "Bunker_Batch": 4,
    "ME_Cons_mt": null,
    "AE_Cons_mt": 0,
    "AE_Hotel_Load_Cons_mt": null,
    "AE_Ballast_Cons_mt": null,
    "AE_Tank_Cleaning_Cons_mt": null,
    "AE_Cargo_Heating_Cons_mt": null,
    "AE_Cargo_Transfer_Cons_mt": null,
    "AE_Inerting_Cons_mt": null,
    "AE_Crane_Cons_mt": null,
    "AE_Cooling_Cons_mt": null,
    "AE_Miscellaneous_Cons_mt": null,
    "Boiler_Cons_mt": 0,
    "Boiler_Hotel_Load_Cons_mt": null,
    "Boiler_Ballast_Cons_mt": null,
    "Boiler_Tank_Cleaning_Cons_mt": null,
    "Boiler_Cargo_Heating_Cons_mt": null,
    "Boiler_Cargo_Transfer_Cons_mt": null,
    "Boiler_Inerting_Cons_mt": null,
    "Boiler_Miscellaneous_Cons_mt": null,
    "GCU_Cons_mt": null,
    "IGG_Cons_mt": null,
    "Incinerator_Cons_mt": null,
    "Diesel_Power_Pack": null,
    "Others_Cons_mt": null,
    "Pilot_Flame_Cons_mt": null,
    "Calculated_ROB_mt": 98.31,
    "CE_Declared_ROB_mt": 98.31,
    "Adjustment_mt": null,
    "Adjustment_Reason": null,
    "Comment": null,
    "id": 4,
    "report_id": 1
  },
  {
    "Fuel_Type": "MGO",
    "Bunker_Batch": 3,
    "ME_Cons_mt": null,
    "AE_Cons_mt": 0,
    "AE_Hotel_Load_Cons_mt": null,
    "AE_Ballast_Cons_mt": null,
    "AE_Tank_Cleaning_Cons_mt": null,
    "AE_Cargo_Heating_Cons_mt": null,
    "AE_Cargo_Transfer_Cons_mt": null,
    "AE_Inerting_Cons_mt": null,
    "AE_Crane_Cons_mt": null,
    "AE_Cooling_Cons_mt": null,
    "AE_Miscellaneous_Cons_mt": null,
    "Boiler_Cons_mt": 0,
    "Boiler_Hotel_Load_Cons_mt": null,
    "Boiler_Ballast_Cons_mt": null,
    "Boiler_Tank_Cleaning_Cons_mt": null,
    "Boiler_Cargo_Heating_Cons_mt": null,
    "Boiler_Cargo_Transfer_Cons_mt": null,
    "Boiler_Inerting_Cons_mt": null,
    "Boiler_Miscellaneous_Cons_mt": null,
    "GCU_Cons_mt": null,
    "IGG_Cons_mt": null,
    "Incinerator_Cons_mt": null,
    "Diesel_Power_Pack": null,
    "Others_Cons_mt": null,
    "Pilot_Flame_Cons_mt": null,
    "Calculated_ROB_mt": 99.98,
    "CE_Declared_ROB_mt": 99.98,
    "Adjustment_mt": null,
    "Adjustment_Reason": null,
    "Comment": null,
    "id": 5,
    "report_id": 1
  },
  {
    "Fuel_Type": "VLSFO",
    "Bunker_Batch": 1,
    "ME_Cons_mt": 0,
    "AE_Cons_mt": null,
    "AE_Hotel_Load_Cons_mt": null,
    "AE_Ballast_Cons_mt": null,
    "AE_Tank_Cleaning_Cons_mt": null,
    "AE_Cargo_Heating_Cons_mt": null,
    "AE_Cargo_Transfer_Cons_mt": null,
    "AE_Inerting_Cons_mt": null,
    "AE_Crane_Cons_mt": null,
    "AE_Cooling_Cons_mt": null,
    "AE_Miscellaneous_Cons_mt": null,
    "Boiler_Cons_mt": null,
    "Boiler_Hotel_Load_Cons_mt": null,
    "Boiler_Ballast_Cons_mt": null,
    "Boiler_Tank_Cleaning_Cons_mt": null,
    "Boiler_Cargo_Heating_Cons_mt": null,
    "Boiler_Cargo_Transfer_Cons_mt": null,
    "Boiler_Inerting_Cons_mt": null,
    "Boiler_Miscellaneous_Cons_mt": null,
    "GCU_Cons_mt": null,
    "IGG_Cons_mt": null,
    "Incinerator_Cons_mt": null,
    "Diesel_Power_Pack": null,
    "Others_Cons_mt": null,
    "Pilot_Flame_Cons_mt": null,
    "Calculated_ROB_mt": 10.29,
    "CE_Declared_ROB_mt": 10.29,
    "Adjustment_mt": null,
    "Adjustment_Reason": null,
    "Comment": null,
    "id": 6,
    "report_id": 6
  },
  {
    "Fuel_Type": "VLSFO",
    "Bunker_Batch": 1,
    "ME_Cons_mt": 0,
    "AE_Cons_mt": null,
    "AE_Hotel_Load_Cons_mt": null,
    "AE_Ballast_Cons_mt": null,
    "AE_Tank_Cleaning_Cons_mt": null,
    "AE_Cargo_Heating_Cons_mt": null,
    "AE_Cargo_Transfer_Cons_mt": null,
    "AE_Inerting_Cons_mt": null,
    "AE_Crane_Cons_mt": null,
    "AE_Cooling_Cons_mt": null,
    "AE_Miscellaneous_Cons_mt": null,
    "Boiler_Cons_mt": null,
    "Boiler_Hotel_Load_Cons_mt": null,
    "Boiler_Ballast_Cons_mt": null,
    "Boiler_Tank_Cleaning_Cons_mt": null,
    "Boiler_Cargo_Heating_Cons_mt": null,
    "Boiler_Cargo_Transfer_Cons_mt": null,
    "Boiler_Inerting_Cons_mt": null,
    "Boiler_Miscellaneous_Cons_mt": null,
    "GCU_Cons_mt": null,
    "IGG_Cons_mt": null,
    "Incinerator_Cons_mt": null,
    "Diesel_Power_Pack": null,
    "Others_Cons_mt": null,
    "Pilot_Flame_Cons_mt": null,
    "Calculated_ROB_mt": 10.29,
    "CE_Declared_ROB_mt": 10.29,
    "Adjustment_mt": null,
    "Adjustment_Reason": null,
    "Comment": null,
    "id": 7,
    "report_id": 2
  },
  {
    "Fuel_Type": "HSFO",
    "Bunker_Batch": 2,
    "ME_Cons_mt": 5.6,
    "AE_Cons_mt": 1.11,
    "AE_Hotel_Load_Cons_mt": null,
    "AE_Ballast_Cons_mt": null,
    "AE_Tank_Cleaning_Cons_mt": null,
    "AE_Cargo_Heating_Cons_mt": null,
    "AE_Cargo_Transfer_Cons_mt": null,
    "AE_Inerting_Cons_mt": null,
    "AE_Crane_Cons_mt": null,
    "AE_Cooling_Cons_mt": null,
    "AE_Miscellaneous_Cons_mt": 1.11,
    "Boiler_Cons_mt": null,
    "Boiler_Hotel_Load_Cons_mt": null,
    "Boiler_Ballast_Cons_mt": null,
    "Boiler_Tank_Cleaning_Cons_mt": null,
    "Boiler_Cargo_Heating_Cons_mt": null,
    "Boiler_Cargo_Transfer_Cons_mt": null,
    "Boiler_Inerting_Cons_mt": null,
    "Boiler_Miscellaneous_Cons_mt": null,
    "GCU_Cons_mt": null,
    "IGG_Cons_mt": null,
    "Incinerator_Cons_mt": null,
    "Diesel_Power_Pack": null,
    "Others_Cons_mt": null,
    "Pilot_Flame_Cons_mt": null,
    "Calculated_ROB_mt": 70.25,
    "CE_Declared_ROB_mt": 70.25,
    "Adjustment_mt": null,
    "Adjustment_Reason": null,
    "Comment": null,
    "id": 8,
    "report_id": 2
  },
  {
    "Fuel_Type": "MGO",
    "Bunker_Batch": 6,
    "ME_Cons_mt": null,
    "AE_Cons_mt": 0,
    "AE_Hotel_Load_Cons_mt": null,
    "AE_Ballast_Cons_mt": null,
    "AE_Tank_Cleaning_Cons_mt": null,
    "AE_Cargo_Heating_Cons_mt": null,
    "AE_Cargo_Transfer_Cons_mt": null,
    "AE_Inerting_Cons_mt": null,
    "AE_Crane_Cons_mt": null,
    "AE_Cooling_Cons_mt": null,
    "AE_Miscellaneous_Cons_mt": null,
    "Boiler_Cons_mt": 0,
    "Boiler_Hotel_Load_Cons_mt": null,
    "Boiler_Ballast_Cons_mt": null,
    "Boiler_Tank_Cleaning_Cons_mt": null,
    "Boiler_Cargo_Heating_Cons_mt": null,
    "Boiler_Cargo_Transfer_Cons_mt": null,
    "Boiler_Inerting_Cons_mt": null,
    "Boiler_Miscellaneous_Cons_mt": null,
    "GCU_Cons_mt": null,
    "IGG_Cons_mt": null,
    "Incinerator_Cons_mt": null,
    "Diesel_Power_Pack": null,
    "Others_Cons_mt": null,
    "Pilot_Flame_Cons_mt": null,
    "Calculated_ROB_mt": 29.54,
    "CE_Declared_ROB_mt": 29.54,
    "Adjustment_mt": null,
    "Adjustment_Reason": null,
    "Comment": null,
    "id": 9,
    "report_id": 1
  },
  {
    "Fuel_Type": "MGO",
    "Bunker_Batch": 3,
    "ME_Cons_mt": 0,
    "AE_Cons_mt": 0,
    "AE_Hotel_Load_Cons_mt": null,
    "AE_Ballast_Cons_mt": null,
    "AE_Tank_Cleaning_Cons_mt": null,
    "AE_Cargo_Heating_Cons_mt": null,
    "AE_Cargo_Transfer_Cons_mt": null,
    "AE_Inerting_Cons_mt": null,
    "AE_Crane_Cons_mt": null,
    "AE_Cooling_Cons_mt": null,
    "AE_Miscellaneous_Cons_mt": 0,
    "Boiler_Cons_mt": null,
    "Boiler_Hotel_Load_Cons_mt": null,
    "Boiler_Ballast_Cons_mt": null,
    "Boiler_Tank_Cleaning_Cons_mt": null,
    "Boiler_Cargo_Heating_Cons_mt": null,
    "Boiler_Cargo_Transfer_Cons_mt": null,
    "Boiler_Inerting_Cons_mt": null,
    "Boiler_Miscellaneous_Cons_mt": null,
    "GCU_Cons_mt": null,
    "IGG_Cons_mt": null,
    "Incinerator_Cons_mt": null,
    "Diesel_Power_Pack": null,
    "Others_Cons_mt": null,
    "Pilot_Flame_Cons_mt": null,
    "Calculated_ROB_mt": 99.98,
    "CE_Declared_ROB_mt": 99.98,
    "Adjustment_mt": null,
    "Adjustment_Reason": null,
    "Comment": null,
    "id": 10,
    "report_id": 2
  },
  {
    "Fuel_Type": "MGO",
    "Bunker_Batch": 4,
    "ME_Cons_mt": 0,
    "AE_Cons_mt": null,
    "AE_Hotel_Load_Cons_mt": null,
    "AE_Ballast_Cons_mt": null,
    "AE_Tank_Cleaning_Cons_mt": null,
    "AE_Cargo_Heating_Cons_mt": null,
    "AE_Cargo_Transfer_Cons_mt": null,
    "AE_Inerting_Cons_mt": null,
    "AE_Crane_Cons_mt": null,
    "AE_Cooling_Cons_mt": null,
    "AE_Miscellaneous_Cons_mt": null,
    "Boiler_Cons_mt": null,
    "Boiler_Hotel_Load_Cons_mt": null,
    "Boiler_Ballast_Cons_mt": null,
    "Boiler_Tank_Cleaning_Cons_mt": null,
    "Boiler_Cargo_Heating_Cons_mt": null,
    "Boiler_Cargo_Transfer_Cons_mt": null,
    "Boiler_Inerting_Cons_mt": null,
    "Boiler_Miscellaneous_Cons_mt": null,
    "GCU_Cons_mt": null,
    "IGG_Cons_mt": null,
    "Incinerator_Cons_mt": null,
    "Diesel_Power_Pack": null,
    "Others_Cons_mt": null,
    "Pilot_Flame_Cons_mt": null,
    "Calculated_ROB_mt": 98.31,
    "CE_Declared_ROB_mt": 98.31,
    "Adjustment_mt": null,
    "Adjustment_Reason": null,
    "Comment": null,
    "id": 11,
    "report_id": 2
  },
  {
    "Fuel_Type": "HSFO",
    "Bunker_Batch": 5,
    "ME_Cons_mt": 0,
    "AE_Cons_mt": null,
    "AE_Hotel_Load_Cons_mt": null,
    "AE_Ballast_Cons_mt": null,
    "AE_Tank_Cleaning_Cons_mt": null,
    "AE_Cargo_Heating_Cons_mt": null,
    "AE_Cargo_Transfer_Cons_mt": null,
    "AE_Inerting_Cons_mt": null,
    "AE_Crane_Cons_mt": null,
    "AE_Cooling_Cons_mt": null,
    "AE_Miscellaneous_Cons_mt": null,
    "Boiler_Cons_mt": null,
    "Boiler_Hotel_Load_Cons_mt": null,
    "Boiler_Ballast_Cons_mt": null,
    "Boiler_Tank_Cleaning_Cons_mt": null,
    "Boiler_Cargo_Heating_Cons_mt": null,
    "Boiler_Cargo_Transfer_Cons_mt": null,
    "Boiler_Inerting_Cons_mt": null,
    "Boiler_Miscellaneous_Cons_mt": null,
    "GCU_Cons_mt": null,
    "IGG_Cons_mt": null,
    "Incinerator_Cons_mt": null,
    "Diesel_Power_Pack": null,
    "Others_Cons_mt": null,
    "Pilot_Flame_Cons_mt": null,
    "Calculated_ROB_mt": 998.25,
    "CE_Declared_ROB_mt": 998.25,
    "Adjustment_mt": null,
    "Adjustment_Reason": null,
    "Comment": null,
    "id": 12,
    "report_id": 2
  },
  {
    "Fuel_Type": "MGO",
    "Bunker_Batch": 6,
    "ME_Cons_mt": 0.6,
    "AE_Cons_mt": 0.24,
    "AE_Hotel_Load_Cons_mt": null,
    "AE_Ballast_Cons_mt": null,
    "AE_Tank_Cleaning_Cons_mt": null,
    "AE_Cargo_Heating_Cons_mt": null,
    "AE_Cargo_Transfer_Cons_mt": null,
    "AE_Inerting_Cons_mt": null,
    "AE_Crane_Cons_mt": null,
    "AE_Cooling_Cons_mt": null,
    "AE_Miscellaneous_Cons_mt": 0.24,
    "Boiler_Cons_mt": null,
    "Boiler_Hotel_Load_Cons_mt": null,
    "Boiler_Ballast_Cons_mt": null,
    "Boiler_Tank_Cleaning_Cons_mt": null,
    "Boiler_Cargo_Heating_Cons_mt": null,
    "Boiler_Cargo_Transfer_Cons_mt": null,
    "Boiler_Inerting_Cons_mt": null,
    "Boiler_Miscellaneous_Cons_mt": null,
    "GCU_Cons_mt": null,
    "IGG_Cons_mt": null,
    "Incinerator_Cons_mt": null,
    "Diesel_Power_Pack": null,
    "Others_Cons_mt": null,
    "Pilot_Flame_Cons_mt": null,
    "Calculated_ROB_mt": 28.7,
    "CE_Declared_ROB_mt": 28.7,
    "Adjustment_mt": null,
    "Adjustment_Reason": null,
    "Comment": null,
    "id": 13,
    "report_id": 2
  },
  {
    "Fuel_Type": "VLSFO",
    "Bunker_Batch": 1,
    "ME_Cons_mt": 0,
    "AE_Cons_mt": null,
    "AE_Hotel_Load_Cons_mt": null,
    "AE_Ballast_Cons_mt": null,
    "AE_Tank_Cleaning_Cons_mt": null,
    "AE_Cargo_Heating_Cons_mt": null,
    "AE_Cargo_Transfer_Cons_mt": null,
    "AE_Inerting_Cons_mt": null,
    "AE_Crane_Cons_mt": null,
    "AE_Cooling_Cons_mt": null,
    "AE_Miscellaneous_Cons_mt": null,
    "Boiler_Cons_mt": null,
    "Boiler_Hotel_Load_Cons_mt": null,
    "Boiler_Ballast_Cons_mt": null,
    "Boiler_Tank_Cleaning_Cons_mt": null,
    "Boiler_Cargo_Heating_Cons_mt": null,
    "Boiler_Cargo_Transfer_Cons_mt": null,
    "Boiler_Inerting_Cons_mt": null,
    "Boiler_Miscellaneous_Cons_mt": null,
    "GCU_Cons_mt": null,
    "IGG_Cons_mt": null,
    "Incinerator_Cons_mt": null,
    "Diesel_Power_Pack": null,
    "Others_Cons_mt": null,
    "Pilot_Flame_Cons_mt": null,
    "Calculated_ROB_mt": 10.29,
    "CE_Declared_ROB_mt": 10.29,
    "Adjustment_mt": null,
    "Adjustment_Reason": null,
    "Comment": null,
    "id": 14,
    "report_id": 3
  },
  {
    "Fuel_Type": "HSFO",
    "Bunker_Batch": 2,
    "ME_Cons_mt": 17.2,
    "AE_Cons_mt": 2.55,
    "AE_Hotel_Load_Cons_mt": null,
    "AE_Ballast_Cons_mt": null,
    "AE_Tank_Cleaning_Cons_mt": null,
    "AE_Cargo_Heating_Cons_mt": null,
    "AE_Cargo_Transfer_Cons_mt": null,
    "AE_Inerting_Cons_mt": null,
    "AE_Crane_Cons_mt": null,
    "AE_Cooling_Cons_mt": null,
    "AE_Miscellaneous_Cons_mt": 2.55,
    "Boiler_Cons_mt": null,
    "Boiler_Hotel_Load_Cons_mt": null,
    "Boiler_Ballast_Cons_mt": null,
    "Boiler_Tank_Cleaning_Cons_mt": null,
    "Boiler_Cargo_Heating_Cons_mt": null,
    "Boiler_Cargo_Transfer_Cons_mt": null,
    "Boiler_Inerting_Cons_mt": null,
    "Boiler_Miscellaneous_Cons_mt": null,
    "GCU_Cons_mt": null,
    "IGG_Cons_mt": null,
    "Incinerator_Cons_mt": null,
    "Diesel_Power_Pack": null,
    "Others_Cons_mt": null,
    "Pilot_Flame_Cons_mt": null,
    "Calculated_ROB_mt": 50.5,
    "CE_Declared_ROB_mt": 50.5,
    "Adjustment_mt": null,
    "Adjustment_Reason": null,
    "Comment": null,
    "id": 15,
    "report_id": 3
  },
  {
    "Fuel_Type": "MGO",
    "Bunker_Batch": 3,
    "ME_Cons_mt": 0,
    "AE_Cons_mt": null,
    "AE_Hotel_Load_Cons_mt": null,
    "AE_Ballast_Cons_mt": null,
    "AE_Tank_Cleaning_Cons_mt": null,
    "AE_Cargo_Heating_Cons_mt": null,
    "AE_Cargo_Transfer_Cons_mt": null,
    "AE_Inerting_Cons_mt": null,
    "AE_Crane_Cons_mt": null,
    "AE_Cooling_Cons_mt": null,
    "AE_Miscellaneous_Cons_mt": null,
    "Boiler_Cons_mt": null,
    "Boiler_Hotel_Load_Cons_mt": null,
    "Boiler_Ballast_Cons_mt": null,
    "Boiler_Tank_Cleaning_Cons_mt": null,
    "Boiler_Cargo_Heating_Cons_mt": null,
    "Boiler_Cargo_Transfer_Cons_mt": null,
    "Boiler_Inerting_Cons_mt": null,
    "Boiler_Miscellaneous_Cons_mt": null,
    "GCU_Cons_mt": null,
    "IGG_Cons_mt": null,
    "Incinerator_Cons_mt": null,
    "Diesel_Power_Pack": null,
    "Others_Cons_mt": null,
    "Pilot_Flame_Cons_mt": null,
    "Calculated_ROB_mt": 99.98,
    "CE_Declared_ROB_mt": 99.98,
    "Adjustment_mt": null,
    "Adjustment_Reason": null,
    "Comment": null,
    "id": 16,
    "report_id": 3
  },
  {
    "Fuel_Type": "MGO",
    "Bunker_Batch": 4,
    "ME_Cons_mt": 0,
    "AE_Cons_mt": null,
    "AE_Hotel_Load_Cons_mt": null,
    "AE_Ballast_Cons_mt": null,
    "AE_Tank_Cleaning_Cons_mt": null,
    "AE_Cargo_Heating_Cons_mt": null,
    "AE_Cargo_Transfer_Cons_mt": null,
    "AE_Inerting_Cons_mt": null,
    "AE_Crane_Cons_mt": null,
    "AE_Cooling_Cons_mt": null,
    "AE_Miscellaneous_Cons_mt": null,
    "Boiler_Cons_mt": null,
    "Boiler_Hotel_Load_Cons_mt": null,
    "Boiler_Ballast_Cons_mt": null,
    "Boiler_Tank_Cleaning_Cons_mt": null,
    "Boiler_Cargo_Heating_Cons_mt": null,
    "Boiler_Cargo_Transfer_Cons_mt": null,
    "Boiler_Inerting_Cons_mt": null,
    "Boiler_Miscellaneous_Cons_mt": null,
    "GCU_Cons_mt": null,
    "IGG_Cons_mt": null,
    "Incinerator_Cons_mt": null,
    "Diesel_Power_Pack": null,
    "Others_Cons_mt": null,
    "Pilot_Flame_Cons_mt": null,
    "Calculated_ROB_mt": 98.31,
    "CE_Declared_ROB_mt": 98.31,
    "Adjustment_mt": null,
    "Adjustment_Reason": null,
    "Comment": null,
    "id": 17,
    "report_id": 3
  },
  {
    "Fuel_Type": "HSFO",
    "Bunker_Batch": 5,
    "ME_Cons_mt": 0,
    "AE_Cons_mt": null,
    "AE_Hotel_Load_Cons_mt": null,
    "AE_Ballast_Cons_mt": null,
    "AE_Tank_Cleaning_Cons_mt": null,
    "AE_Cargo_Heating_Cons_mt": null,
    "AE_Cargo_Transfer_Cons_mt": null,
    "AE_Inerting_Cons_mt": null,
    "AE_Crane_Cons_mt": null,
    "AE_Cooling_Cons_mt": null,
    "AE_Miscellaneous_Cons_mt": null,
    "Boiler_Cons_mt": null,
    "Boiler_Hotel_Load_Cons_mt": null,
    "Boiler_Ballast_Cons_mt": null,
    "Boiler_Tank_Cleaning_Cons_mt": null,
    "Boiler_Cargo_Heating_Cons_mt": null,
    "Boiler_Cargo_Transfer_Cons_mt": null,
    "Boiler_Inerting_Cons_mt": null,
    "Boiler_Miscellaneous_Cons_mt": null,
    "GCU_Cons_mt": null,
    "IGG_Cons_mt": null,
    "Incinerator_Cons_mt": null,
    "Diesel_Power_Pack": null,
    "Others_Cons_mt": null,
    "Pilot_Flame_Cons_mt": null,
    "Calculated_ROB_mt": 998.25,
    "CE_Declared_ROB_mt": 998.25,
    "Adjustment_mt": null,
    "Adjustment_Reason": null,
    "Comment": null,
    "id": 18,
    "report_id": 3
  },
  {
    "Fuel_Type": "MGO",
    "Bunker_Batch": 6,
    "ME_Cons_mt": 0,
    "AE_Cons_mt": null,
    "AE_Hotel_Load_Cons_mt": null,
    "AE_Ballast_Cons_mt": null,
    "AE_Tank_Cleaning_Cons_mt": null,
    "AE_Cargo_Heating_Cons_mt": null,
    "AE_Cargo_Transfer_Cons_mt": null,
    "AE_Inerting_Cons_mt": null,
    "AE_Crane_Cons_mt": null,
    "AE_Cooling_Cons_mt": null,
    "AE_Miscellaneous_Cons_mt": null,
    "Boiler_Cons_mt": null,
    "Boiler_Hotel_Load_Cons_mt": null,
    "Boiler_Ballast_Cons_mt": null,
    "Boiler_Tank_Cleaning_Cons_mt": null,
    "Boiler_Cargo_Heating_Cons_mt": null,
    "Boiler_Cargo_Transfer_Cons_mt": null,
    "Boiler_Inerting_Cons_mt": null,
    "Boiler_Miscellaneous_Cons_mt": null,
    "GCU_Cons_mt": null,
    "IGG_Cons_mt": null,
    "Incinerator_Cons_mt": null,
    "Diesel_Power_Pack": null,
    "Others_Cons_mt": null,
    "Pilot_Flame_Cons_mt": null,
    "Calculated_ROB_mt": 28.7,
    "CE_Declared_ROB_mt": 28.7,
    "Adjustment_mt": null,
    "Adjustment_Reason": null,
    "Comment": null,
    "id": 19,
    "report_id": 3
  },
  {
    "Fuel_Type": "VLSFO",
    "Bunker_Batch": 1,
    "ME_Cons_mt": 0,
    "AE_Cons_mt": null,
    "AE_Hotel_Load_Cons_mt": null,
    "AE_Ballast_Cons_mt": null,
    "AE_Tank_Cleaning_Cons_mt": null,
    "AE_Cargo_Heating_Cons_mt": null,
    "AE_Cargo_Transfer_Cons_mt": null,
    "AE_Inerting_Cons_mt": null,
    "AE_Crane_Cons_mt": null,
    "AE_Cooling_Cons_mt": null,
    "AE_Miscellaneous_Cons_mt": null,
    "Boiler_Cons_mt": null,
    "Boiler_Hotel_Load_Cons_mt": null,
    "Boiler_Ballast_Cons_mt": null,
    "Boiler_Tank_Cleaning_Cons_mt": null,
    "Boiler_Cargo_Heating_Cons_mt": null,
    "Boiler_Cargo_Transfer_Cons_mt": null,
    "Boiler_Inerting_Cons_mt": null,
    "Boiler_Miscellaneous_Cons_mt": null,
    "GCU_Cons_mt": null,
    "IGG_Cons_mt": null,
    "Incinerator_Cons_mt": null,
    "Diesel_Power_Pack": null,
    "Others_Cons_mt": null,
    "Pilot_Flame_Cons_mt": null,
    "Calculated_ROB_mt": 10.29,
    "CE_Declared_ROB_mt": 10.29,
    "Adjustment_mt": null,
    "Adjustment_Reason": null,
    "Comment": null,
    "id": 20,
    "report_id": 4
  },
  {
    "Fuel_Type": "HSFO",
    "Bunker_Batch": 2,
    "ME_Cons_mt": 16.95,
    "AE_Cons_mt": 2.58,
    "AE_Hotel_Load_Cons_mt": null,
    "AE_Ballast_Cons_mt": null,
    "AE_Tank_Cleaning_Cons_mt": null,
    "AE_Cargo_Heating_Cons_mt": null,
    "AE_Cargo_Transfer_Cons_mt": null,
    "AE_Inerting_Cons_mt": null,
    "AE_Crane_Cons_mt": null,
    "AE_Cooling_Cons_mt": null,
    "AE_Miscellaneous_Cons_mt": 2.58,
    "Boiler_Cons_mt": null,
    "Boiler_Hotel_Load_Cons_mt": null,
    "Boiler_Ballast_Cons_mt": null,
    "Boiler_Tank_Cleaning_Cons_mt": null,
    "Boiler_Cargo_Heating_Cons_mt": null,
    "Boiler_Cargo_Transfer_Cons_mt": null,
    "Boiler_Inerting_Cons_mt": null,
    "Boiler_Miscellaneous_Cons_mt": null,
    "GCU_Cons_mt": null,
    "IGG_Cons_mt": null,
    "Incinerator_Cons_mt": null,
    "Diesel_Power_Pack": null,
    "Others_Cons_mt": null,
    "Pilot_Flame_Cons_mt": null,
    "Calculated_ROB_mt": 30.97,
    "CE_Declared_ROB_mt": 30.97,
    "Adjustment_mt": null,
    "Adjustment_Reason": null,
    "Comment": null,
    "id": 21,
    "report_id": 4
  },
  {
    "Fuel_Type": "MGO",
    "Bunker_Batch": 3,
    "ME_Cons_mt": 0,
    "AE_Cons_mt": null,
    "AE_Hotel_Load_Cons_mt": null,
    "AE_Ballast_Cons_mt": null,
    "AE_Tank_Cleaning_Cons_mt": null,
    "AE_Cargo_Heating_Cons_mt": null,
    "AE_Cargo_Transfer_Cons_mt": null,
    "AE_Inerting_Cons_mt": null,
    "AE_Crane_Cons_mt": null,
    "AE_Cooling_Cons_mt": null,
    "AE_Miscellaneous_Cons_mt": null,
    "Boiler_Cons_mt": null,
    "Boiler_Hotel_Load_Cons_mt": null,
    "Boiler_Ballast_Cons_mt": null,
    "Boiler_Tank_Cleaning_Cons_mt": null,
    "Boiler_Cargo_Heating_Cons_mt": null,
    "Boiler_Cargo_Transfer_Cons_mt": null,
    "Boiler_Inerting_Cons_mt": null,
    "Boiler_Miscellaneous_Cons_mt": null,
    "GCU_Cons_mt": null,
    "IGG_Cons_mt": null,
    "Incinerator_Cons_mt": null,
    "Diesel_Power_Pack": null,
    "Others_Cons_mt": null,
    "Pilot_Flame_Cons_mt": null,
    "Calculated_ROB_mt": 99.98,
    "CE_Declared_ROB_mt": 99.98,
    "Adjustment_mt": null,
    "Adjustment_Reason": null,
    "Comment": null,
    "id": 22,
    "report_id": 4
  },
  {
    "Fuel_Type": "MGO",
    "Bunker_Batch": 4,
    "ME_Cons_mt": 0,
    "AE_Cons_mt": null,
    "AE_Hotel_Load_Cons_mt": null,
    "AE_Ballast_Cons_mt": null,
    "AE_Tank_Cleaning_Cons_mt": null,
    "AE_Cargo_Heating_Cons_mt": null,
    "AE_Cargo_Transfer_Cons_mt": null,
    "AE_Inerting_Cons_mt": null,
    "AE_Crane_Cons_mt": null,
    "AE_Cooling_Cons_mt": null,
    "AE_Miscellaneous_Cons_mt": null,
    "Boiler_Cons_mt": null,
    "Boiler_Hotel_Load_Cons_mt": null,
    "Boiler_Ballast_Cons_mt": null,
    "Boiler_Tank_Cleaning_Cons_mt": null,
    "Boiler_Cargo_Heating_Cons_mt": null,
    "Boiler_Cargo_Transfer_Cons_mt": null,
    "Boiler_Inerting_Cons_mt": null,
    "Boiler_Miscellaneous_Cons_mt": null,
    "GCU_Cons_mt": null,
    "IGG_Cons_mt": null,
    "Incinerator_Cons_mt": null,
    "Diesel_Power_Pack": null,
    "Others_Cons_mt": null,
    "Pilot_Flame_Cons_mt": null,
    "Calculated_ROB_mt": 98.31,
    "CE_Declared_ROB_mt": 98.31,
    "Adjustment_mt": null,
    "Adjustment_Reason": null,
    "Comment": null,
    "id": 23,
    "report_id": 4
  },
  {
    "Fuel_Type": "HSFO",
    "Bunker_Batch": 5,
    "ME_Cons_mt": 0,
    "AE_Cons_mt": null,
    "AE_Hotel_Load_Cons_mt": null,
    "AE_Ballast_Cons_mt": null,
    "AE_Tank_Cleaning_Cons_mt": null,
    "AE_Cargo_Heating_Cons_mt": null,
    "AE_Cargo_Transfer_Cons_mt": null,
    "AE_Inerting_Cons_mt": null,
    "AE_Crane_Cons_mt": null,
    "AE_Cooling_Cons_mt": null,
    "AE_Miscellaneous_Cons_mt": null,
    "Boiler_Cons_mt": null,
    "Boiler_Hotel_Load_Cons_mt": null,
    "Boiler_Ballast_Cons_mt": null,
    "Boiler_Tank_Cleaning_Cons_mt": null,
    "Boiler_Cargo_Heating_Cons_mt": null,
    "Boiler_Cargo_Transfer_Cons_mt": null,
    "Boiler_Inerting_Cons_mt": null,
    "Boiler_Miscellaneous_Cons_mt": null,
    "GCU_Cons_mt": null,
    "IGG_Cons_mt": null,
    "Incinerator_Cons_mt": null,
    "Diesel_Power_Pack": null,
    "Others_Cons_mt": null,
    "Pilot_Flame_Cons_mt": null,
    "Calculated_ROB_mt": 998.25,
    "CE_Declared_ROB_mt": 998.25,
    "Adjustment_mt": null,
    "Adjustment_Reason": null,
    "Comment": null,
    "id": 24,
    "report_id": 4
  },
  {
    "Fuel_Type": "MGO",
    "Bunker_Batch": 6,
    "ME_Cons_mt": 0,
    "AE_Cons_mt": null,
    "AE_Hotel_Load_Cons_mt": null,
    "AE_Ballast_Cons_mt": null,
    "AE_Tank_Cleaning_Cons_mt": null,
    "AE_Cargo_Heating_Cons_mt": null,
    "AE_Cargo_Transfer_Cons_mt": null,
    "AE_Inerting_Cons_mt": null,
    "AE_Crane_Cons_mt": null,
    "AE_Cooling_Cons_mt": null,
    "AE_Miscellaneous_Cons_mt": null,
    "Boiler_Cons_mt": 0,
    "Boiler_Hotel_Load_Cons_mt": null,
    "Boiler_Ballast_Cons_mt": null,
    "Boiler_Tank_Cleaning_Cons_mt": null,
    "Boiler_Cargo_Heating_Cons_mt": null,
    "Boiler_Cargo_Transfer_Cons_mt": null,
    "Boiler_Inerting_Cons_mt": null,
    "Boiler_Miscellaneous_Cons_mt": null,
    "GCU_Cons_mt": null,
    "IGG_Cons_mt": null,
    "Incinerator_Cons_mt": null,
    "Diesel_Power_Pack": null,
    "Others_Cons_mt": null,
    "Pilot_Flame_Cons_mt": null,
    "Calculated_ROB_mt": 28.7,
    "CE_Declared_ROB_mt": 28.7,
    "Adjustment_mt": null,
    "Adjustment_Reason": null,
    "Comment": null,
    "id": 25,
    "report_id": 4
  },
  {
    "Fuel_Type": "VLSFO",
    "Bunker_Batch": 1,
    "ME_Cons_mt": 0,
    "AE_Cons_mt": null,
    "AE_Hotel_Load_Cons_mt": null,
    "AE_Ballast_Cons_mt": null,
    "AE_Tank_Cleaning_Cons_mt": null,
    "AE_Cargo_Heating_Cons_mt": null,
    "AE_Cargo_Transfer_Cons_mt": null,
    "AE_Inerting_Cons_mt": null,
    "AE_Crane_Cons_mt": null,
    "AE_Cooling_Cons_mt": null,
    "AE_Miscellaneous_Cons_mt": null,
    "Boiler_Cons_mt": null,
    "Boiler_Hotel_Load_Cons_mt": null,
    "Boiler_Ballast_Cons_mt": null,
    "Boiler_Tank_Cleaning_Cons_mt": null,
    "Boiler_Cargo_Heating_Cons_mt": null,
    "Boiler_Cargo_Transfer_Cons_mt": null,
    "Boiler_Inerting_Cons_mt": null,
    "Boiler_Miscellaneous_Cons_mt": null,
    "GCU_Cons_mt": null,
    "IGG_Cons_mt": null,
    "Incinerator_Cons_mt": null,
    "Diesel_Power_Pack": null,
    "Others_Cons_mt": null,
    "Pilot_Flame_Cons_mt": null,
    "Calculated_ROB_mt": 10.29,
    "CE_Declared_ROB_mt": 10.29,
    "Adjustment_mt": null,
    "Adjustment_Reason": null,
    "Comment": null,
    "id": 26,
    "report_id": 5
  },
  {
    "Fuel_Type": "HSFO",
    "Bunker_Batch": 2,
    "ME_Cons_mt": 17.55,
    "AE_Cons_mt": 3.8,
    "AE_Hotel_Load_Cons_mt": null,
    "AE_Ballast_Cons_mt": null,
    "AE_Tank_Cleaning_Cons_mt": null,
    "AE_Cargo_Heating_Cons_mt": 1.2,
    "AE_Cargo_Transfer_Cons_mt": null,
    "AE_Inerting_Cons_mt": null,
    "AE_Crane_Cons_mt": null,
    "AE_Cooling_Cons_mt": null,
    "AE_Miscellaneous_Cons_mt": 2.6,
    "Boiler_Cons_mt": null,
    "Boiler_Hotel_Load_Cons_mt": null,
    "Boiler_Ballast_Cons_mt": null,
    "Boiler_Tank_Cleaning_Cons_mt": null,
    "Boiler_Cargo_Heating_Cons_mt": null,
    "Boiler_Cargo_Transfer_Cons_mt": null,
    "Boiler_Inerting_Cons_mt": null,
    "Boiler_Miscellaneous_Cons_mt": null,
    "GCU_Cons_mt": null,
    "IGG_Cons_mt": null,
    "Incinerator_Cons_mt": null,
    "Diesel_Power_Pack": null,
    "Others_Cons_mt": null,
    "Pilot_Flame_Cons_mt": null,
    "Calculated_ROB_mt": 9.619999999999997,
    "CE_Declared_ROB_mt": 9.62,
    "Adjustment_mt": null,
    "Adjustment_Reason": null,
    "Comment": null,
    "id": 27,
    "report_id": 5
  },
  {
    "Fuel_Type": "MGO",
    "Bunker_Batch": 3,
    "ME_Cons_mt": 0,
    "AE_Cons_mt": null,
    "AE_Hotel_Load_Cons_mt": null,
    "AE_Ballast_Cons_mt": null,
    "AE_Tank_Cleaning_Cons_mt": null,
    "AE_Cargo_Heating_Cons_mt": null,
    "AE_Cargo_Transfer_Cons_mt": null,
    "AE_Inerting_Cons_mt": null,
    "AE_Crane_Cons_mt": null,
    "AE_Cooling_Cons_mt": null,
    "AE_Miscellaneous_Cons_mt": null,
    "Boiler_Cons_mt": null,
    "Boiler_Hotel_Load_Cons_mt": null,
    "Boiler_Ballast_Cons_mt": null,
    "Boiler_Tank_Cleaning_Cons_mt": null,
    "Boiler_Cargo_Heating_Cons_mt": null,
    "Boiler_Cargo_Transfer_Cons_mt": null,
    "Boiler_Inerting_Cons_mt": null,
    "Boiler_Miscellaneous_Cons_mt": null,
    "GCU_Cons_mt": null,
    "IGG_Cons_mt": null,
    "Incinerator_Cons_mt": null,
    "Diesel_Power_Pack": null,
    "Others_Cons_mt": null,
    "Pilot_Flame_Cons_mt": null,
    "Calculated_ROB_mt": 99.98,
    "CE_Declared_ROB_mt": 99.98,
    "Adjustment_mt": null,
    "Adjustment_Reason": null,
    "Comment": null,
    "id": 28,
    "report_id": 5
  },
  {
    "Fuel_Type": "MGO",
    "Bunker_Batch": 4,
    "ME_Cons_mt": 0,
    "AE_Cons_mt": null,
    "AE_Hotel_Load_Cons_mt": null,
    "AE_Ballast_Cons_mt": null,
    "AE_Tank_Cleaning_Cons_mt": null,
    "AE_Cargo_Heating_Cons_mt": null,
    "AE_Cargo_Transfer_Cons_mt": null,
    "AE_Inerting_Cons_mt": null,
    "AE_Crane_Cons_mt": null,
    "AE_Cooling_Cons_mt": null,
    "AE_Miscellaneous_Cons_mt": null,
    "Boiler_Cons_mt": null,
    "Boiler_Hotel_Load_Cons_mt": null,
    "Boiler_Ballast_Cons_mt": null,
    "Boiler_Tank_Cleaning_Cons_mt": null,
    "Boiler_Cargo_Heating_Cons_mt": null,
    "Boiler_Cargo_Transfer_Cons_mt": null,
    "Boiler_Inerting_Cons_mt": null,
    "Boiler_Miscellaneous_Cons_mt": null,
    "GCU_Cons_mt": null,
    "IGG_Cons_mt": null,
    "Incinerator_Cons_mt": null,
    "Diesel_Power_Pack": null,
    "Others_Cons_mt": null,
    "Pilot_Flame_Cons_mt": null,
    "Calculated_ROB_mt": 98.31,
    "CE_Declared_ROB_mt": 98.31,
    "Adjustment_mt": null,
    "Adjustment_Reason": null,
    "Comment": null,
    "id": 29,
    "report_id": 5
  },
  {
    "Fuel_Type": "HSFO",
    "Bunker_Batch": 5,
    "ME_Cons_mt": 0,
    "AE_Cons_mt": null,
    "AE_Hotel_Load_Cons_mt": null,
    "AE_Ballast_Cons_mt": null,
    "AE_Tank_Cleaning_Cons_mt": null,
    "AE_Cargo_Heating_Cons_mt": null,
    "AE_Cargo_Transfer_Cons_mt": null,
    "AE_Inerting_Cons_mt": null,
    "AE_Crane_Cons_mt": null,
    "AE_Cooling_Cons_mt": null,
    "AE_Miscellaneous_Cons_mt": null,
    "Boiler_Cons_mt": 0,
    "Boiler_Hotel_Load_Cons_mt": null,
    "Boiler_Ballast_Cons_mt": null,
    "Boiler_Tank_Cleaning_Cons_mt": null,
    "Boiler_Cargo_Heating_Cons_mt": null,
    "Boiler_Cargo_Transfer_Cons_mt": null,
    "Boiler_Inerting_Cons_mt": null,
    "Boiler_Miscellaneous_Cons_mt": null,
    "GCU_Cons_mt": null,
    "IGG_Cons_mt": null,
    "Incinerator_Cons_mt": null,
    "Diesel_Power_Pack": null,
    "Others_Cons_mt": null,
    "Pilot_Flame_Cons_mt": null,
    "Calculated_ROB_mt": 998.25,
    "CE_Declared_ROB_mt": 998.25,
    "Adjustment_mt": null,
    "Adjustment_Reason": null,
    "Comment": null,
    "id": 30,
    "report_id": 5
  },
  {
    "Fuel_Type": "MGO",
    "Bunker_Batch": 6,
    "ME_Cons_mt": null,
    "AE_Cons_mt": null,
    "AE_Hotel_Load_Cons_mt": null,
    "AE_Ballast_Cons_mt": null,
    "AE_Tank_Cleaning_Cons_mt": null,
    "AE_Cargo_Heating_Cons_mt": null,
    "AE_Cargo_Transfer_Cons_mt": null,
    "AE_Inerting_Cons_mt": null,
    "AE_Crane_Cons_mt": null,
    "AE_Cooling_Cons_mt": null,
    "AE_Miscellaneous_Cons_mt": null,
    "Boiler_Cons_mt": 3.98,
    "Boiler_Hotel_Load_Cons_mt": null,
    "Boiler_Ballast_Cons_mt": null,
    "Boiler_Tank_Cleaning_Cons_mt": null,
    "Boiler_Cargo_Heating_Cons_mt": 3.98,
    "Boiler_Cargo_Transfer_Cons_mt": null,
    "Boiler_Inerting_Cons_mt": null,
    "Boiler_Miscellaneous_Cons_mt": null,
    "GCU_Cons_mt": null,
    "IGG_Cons_mt": null,
    "Incinerator_Cons_mt": null,
    "Diesel_Power_Pack": null,
    "Others_Cons_mt": null,
    "Pilot_Flame_Cons_mt": null,
    "Calculated_ROB_mt": 24.72,
    "CE_Declared_ROB_mt": 24.72,
    "Adjustment_mt": null,
    "Adjustment_Reason": null,
    "Comment": null,
    "id": 31,
    "report_id": 5
  },
  {
    "Fuel_Type": "HSFO",
    "Bunker_Batch": 2,
    "ME_Cons_mt": 9.62,
    "AE_Cons_mt": null,
    "AE_Hotel_Load_Cons_mt": null,
    "AE_Ballast_Cons_mt": null,
    "AE_Tank_Cleaning_Cons_mt": null,
    "AE_Cargo_Heating_Cons_mt": null,
    "AE_Cargo_Transfer_Cons_mt": null,
    "AE_Inerting_Cons_mt": null,
    "AE_Crane_Cons_mt": null,
    "AE_Cooling_Cons_mt": null,
    "AE_Miscellaneous_Cons_mt": null,
    "Boiler_Cons_mt": null,
    "Boiler_Hotel_Load_Cons_mt": null,
    "Boiler_Ballast_Cons_mt": null,
    "Boiler_Tank_Cleaning_Cons_mt": null,
    "Boiler_Cargo_Heating_Cons_mt": null,
    "Boiler_Cargo_Transfer_Cons_mt": null,
    "Boiler_Inerting_Cons_mt": null,
    "Boiler_Miscellaneous_Cons_mt": null,
    "GCU_Cons_mt": null,
    "IGG_Cons_mt": null,
    "Incinerator_Cons_mt": null,
    "Diesel_Power_Pack": null,
    "Others_Cons_mt": null,
    "Pilot_Flame_Cons_mt": null,
    "Calculated_ROB_mt": 0,
    "CE_Declared_ROB_mt": 0,
    "Adjustment_mt": null,
    "Adjustment_Reason": null,
    "Comment": null,
    "id": 32,
    "report_id": 6
  },
  {
    "Fuel_Type": "MGO",
    "Bunker_Batch": 3,
    "ME_Cons_mt": 0,
    "AE_Cons_mt": null,
    "AE_Hotel_Load_Cons_mt": null,
    "AE_Ballast_Cons_mt": null,
    "AE_Tank_Cleaning_Cons_mt": null,
    "AE_Cargo_Heating_Cons_mt": null,
    "AE_Cargo_Transfer_Cons_mt": null,
    "AE_Inerting_Cons_mt": null,
    "AE_Crane_Cons_mt": null,
    "AE_Cooling_Cons_mt": null,
    "AE_Miscellaneous_Cons_mt": null,
    "Boiler_Cons_mt": null,
    "Boiler_Hotel_Load_Cons_mt": null,
    "Boiler_Ballast_Cons_mt": null,
    "Boiler_Tank_Cleaning_Cons_mt": null,
    "Boiler_Cargo_Heating_Cons_mt": null,
    "Boiler_Cargo_Transfer_Cons_mt": null,
    "Boiler_Inerting_Cons_mt": null,
    "Boiler_Miscellaneous_Cons_mt": null,
    "GCU_Cons_mt": null,
    "IGG_Cons_mt": null,
    "Incinerator_Cons_mt": null,
    "Diesel_Power_Pack": null,
    "Others_Cons_mt": null,
    "Pilot_Flame_Cons_mt": null,
    "Calculated_ROB_mt": 99.98,
    "CE_Declared_ROB_mt": 99.98,
    "Adjustment_mt": null,
    "Adjustment_Reason": null,
    "Comment": null,
    "id": 33,
    "report_id": 6
  },
  {
    "Fuel_Type": "MGO",
    "Bunker_Batch": 4,
    "ME_Cons_mt": 0,
    "AE_Cons_mt": null,
    "AE_Hotel_Load_Cons_mt": null,
    "AE_Ballast_Cons_mt": null,
    "AE_Tank_Cleaning_Cons_mt": null,
    "AE_Cargo_Heating_Cons_mt": null,
    "AE_Cargo_Transfer_Cons_mt": null,
    "AE_Inerting_Cons_mt": null,
    "AE_Crane_Cons_mt": null,
    "AE_Cooling_Cons_mt": null,
    "AE_Miscellaneous_Cons_mt": null,
    "Boiler_Cons_mt": null,
    "Boiler_Hotel_Load_Cons_mt": null,
    "Boiler_Ballast_Cons_mt": null,
    "Boiler_Tank_Cleaning_Cons_mt": null,
    "Boiler_Cargo_Heating_Cons_mt": null,
    "Boiler_Cargo_Transfer_Cons_mt": null,
    "Boiler_Inerting_Cons_mt": null,
    "Boiler_Miscellaneous_Cons_mt": null,
    "GCU_Cons_mt": null,
    "IGG_Cons_mt": null,
    "Incinerator_Cons_mt": null,
    "Diesel_Power_Pack": null,
    "Others_Cons_mt": null,
    "Pilot_Flame_Cons_mt": null,
    "Calculated_ROB_mt": 98.31,
    "CE_Declared_ROB_mt": 98.31,
    "Adjustment_mt": null,
    "Adjustment_Reason": null,
    "Comment": null,
    "id": 34,
    "report_id": 6
  },
  {
    "Fuel_Type": "HSFO",
    "Bunker_Batch": 5,
    "ME_Cons_mt": 7.96,
    "AE_Cons_mt": 3.7199999999999998,
    "AE_Hotel_Load_Cons_mt": null,
    "AE_Ballast_Cons_mt": null,
    "AE_Tank_Cleaning_Cons_mt": null,
    "AE_Cargo_Heating_Cons_mt": 1.14,
    "AE_Cargo_Transfer_Cons_mt": null,
    "AE_Inerting_Cons_mt": null,
    "AE_Crane_Cons_mt": null,
    "AE_Cooling_Cons_mt": null,
    "AE_Miscellaneous_Cons_mt": 2.58,
    "Boiler_Cons_mt": null,
    "Boiler_Hotel_Load_Cons_mt": null,
    "Boiler_Ballast_Cons_mt": null,
    "Boiler_Tank_Cleaning_Cons_mt": null,
    "Boiler_Cargo_Heating_Cons_mt": null,
    "Boiler_Cargo_Transfer_Cons_mt": null,
    "Boiler_Inerting_Cons_mt": null,
    "Boiler_Miscellaneous_Cons_mt": null,
    "GCU_Cons_mt": null,
    "IGG_Cons_mt": null,
    "Incinerator_Cons_mt": null,
    "Diesel_Power_Pack": null,
    "Others_Cons_mt": null,
    "Pilot_Flame_Cons_mt": null,
    "Calculated_ROB_mt": 986.57,
    "CE_Declared_ROB_mt": 986.57,
    "Adjustment_mt": null,
    "Adjustment_Reason": null,
    "Comment": null,
    "id": 35,
    "report_id": 6
  },
  {
    "Fuel_Type": "MGO",
    "Bunker_Batch": 6,
    "ME_Cons_mt": null,
    "AE_Cons_mt": null,
    "AE_Hotel_Load_Cons_mt": null,
    "AE_Ballast_Cons_mt": null,
    "AE_Tank_Cleaning_Cons_mt": null,
    "AE_Cargo_Heating_Cons_mt": null,
    "AE_Cargo_Transfer_Cons_mt": null,
    "AE_Inerting_Cons_mt": null,
    "AE_Crane_Cons_mt": null,
    "AE_Cooling_Cons_mt": null,
    "AE_Miscellaneous_Cons_mt": null,
    "Boiler_Cons_mt": 2.91,
    "Boiler_Hotel_Load_Cons_mt": null,
    "Boiler_Ballast_Cons_mt": null,
    "Boiler_Tank_Cleaning_Cons_mt": null,
    "Boiler_Cargo_Heating_Cons_mt": 2.91,
    "Boiler_Cargo_Transfer_Cons_mt": null,
    "Boiler_Inerting_Cons_mt": null,
    "Boiler_Miscellaneous_Cons_mt": null,
    "GCU_Cons_mt": null,
    "IGG_Cons_mt": null,
    "Incinerator_Cons_mt": null,
    "Diesel_Power_Pack": null,
    "Others_Cons_mt": null,
    "Pilot_Flame_Cons_mt": null,
    "Calculated_ROB_mt": 21.81,
    "CE_Declared_ROB_mt": 21.81,
    "Adjustment_mt": null,
    "Adjustment_Reason": null,
    "Comment": null,
    "id": 36,
    "report_id": 6
  },
  {
    "Fuel_Type": "VLSFO",
    "Bunker_Batch": 1,
    "ME_Cons_mt": 0,
    "AE_Cons_mt": null,
    "AE_Hotel_Load_Cons_mt": null,
    "AE_Ballast_Cons_mt": null,
    "AE_Tank_Cleaning_Cons_mt": null,
    "AE_Cargo_Heating_Cons_mt": null,
    "AE_Cargo_Transfer_Cons_mt": null,
    "AE_Inerting_Cons_mt": null,
    "AE_Crane_Cons_mt": null,
    "AE_Cooling_Cons_mt": null,
    "AE_Miscellaneous_Cons_mt": null,
    "Boiler_Cons_mt": null,
    "Boiler_Hotel_Load_Cons_mt": null,
    "Boiler_Ballast_Cons_mt": null,
    "Boiler_Tank_Cleaning_Cons_mt": null,
    "Boiler_Cargo_Heating_Cons_mt": null,
    "Boiler_Cargo_Transfer_Cons_mt": null,
    "Boiler_Inerting_Cons_mt": null,
    "Boiler_Miscellaneous_Cons_mt": null,
    "GCU_Cons_mt": null,
    "IGG_Cons_mt": null,
    "Incinerator_Cons_mt": null,
    "Diesel_Power_Pack": null,
    "Others_Cons_mt": null,
    "Pilot_Flame_Cons_mt": null,
    "Calculated_ROB_mt": 10.29,
    "CE_Declared_ROB_mt": 10.29,
    "Adjustment_mt": null,
    "Adjustment_Reason": null,
    "Comment": null,
    "id": 37,
    "report_id": 7
  },
  {
    "Fuel_Type": "MGO",
    "Bunker_Batch": 3,
    "ME_Cons_mt": 0,
    "AE_Cons_mt": null,
    "AE_Hotel_Load_Cons_mt": null,
    "AE_Ballast_Cons_mt": null,
    "AE_Tank_Cleaning_Cons_mt": null,
    "AE_Cargo_Heating_Cons_mt": null,
    "AE_Cargo_Transfer_Cons_mt": null,
    "AE_Inerting_Cons_mt": null,
    "AE_Crane_Cons_mt": null,
    "AE_Cooling_Cons_mt": null,
    "AE_Miscellaneous_Cons_mt": null,
    "Boiler_Cons_mt": null,
    "Boiler_Hotel_Load_Cons_mt": null,
    "Boiler_Ballast_Cons_mt": null,
    "Boiler_Tank_Cleaning_Cons_mt": null,
    "Boiler_Cargo_Heating_Cons_mt": null,
    "Boiler_Cargo_Transfer_Cons_mt": null,
    "Boiler_Inerting_Cons_mt": null,
    "Boiler_Miscellaneous_Cons_mt": null,
    "GCU_Cons_mt": null,
    "IGG_Cons_mt": null,
    "Incinerator_Cons_mt": null,
    "Diesel_Power_Pack": null,
    "Others_Cons_mt": null,
    "Pilot_Flame_Cons_mt": null,
    "Calculated_ROB_mt": 99.98,
    "CE_Declared_ROB_mt": 99.98,
    "Adjustment_mt": null,
    "Adjustment_Reason": null,
    "Comment": null,
    "id": 38,
    "report_id": 7
  },
  {
    "Fuel_Type": "MGO",
    "Bunker_Batch": 4,
    "ME_Cons_mt": 0,
    "AE_Cons_mt": null,
    "AE_Hotel_Load_Cons_mt": null,
    "AE_Ballast_Cons_mt": null,
    "AE_Tank_Cleaning_Cons_mt": null,
    "AE_Cargo_Heating_Cons_mt": null,
    "AE_Cargo_Transfer_Cons_mt": null,
    "AE_Inerting_Cons_mt": null,
    "AE_Crane_Cons_mt": null,
    "AE_Cooling_Cons_mt": null,
    "AE_Miscellaneous_Cons_mt": null,
    "Boiler_Cons_mt": null,
    "Boiler_Hotel_Load_Cons_mt": null,
    "Boiler_Ballast_Cons_mt": null,
    "Boiler_Tank_Cleaning_Cons_mt": null,
    "Boiler_Cargo_Heating_Cons_mt": null,
    "Boiler_Cargo_Transfer_Cons_mt": null,
    "Boiler_Inerting_Cons_mt": null,
    "Boiler_Miscellaneous_Cons_mt": null,
    "GCU_Cons_mt": null,
    "IGG_Cons_mt": null,
    "Incinerator_Cons_mt": null,
    "Diesel_Power_Pack": null,
    "Others_Cons_mt": null,
    "Pilot_Flame_Cons_mt": null,
    "Calculated_ROB_mt": 98.31,
    "CE_Declared_ROB_mt": 98.31,
    "Adjustment_mt": null,
    "Adjustment_Reason": null,
    "Comment": null,
    "id": 39,
    "report_id": 7
  },
  {
    "Fuel_Type": "HSFO",
    "Bunker_Batch": 5,
    "ME_Cons_mt": 17.56,
    "AE_Cons_mt": 2.58,
    "AE_Hotel_Load_Cons_mt": null,
    "AE_Ballast_Cons_mt": null,
    "AE_Tank_Cleaning_Cons_mt": null,
    "AE_Cargo_Heating_Cons_mt": null,
    "AE_Cargo_Transfer_Cons_mt": null,
    "AE_Inerting_Cons_mt": null,
    "AE_Crane_Cons_mt": null,
    "AE_Cooling_Cons_mt": null,
    "AE_Miscellaneous_Cons_mt": 2.58,
    "Boiler_Cons_mt": null,
    "Boiler_Hotel_Load_Cons_mt": null,
    "Boiler_Ballast_Cons_mt": null,
    "Boiler_Tank_Cleaning_Cons_mt": null,
    "Boiler_Cargo_Heating_Cons_mt": null,
    "Boiler_Cargo_Transfer_Cons_mt": null,
    "Boiler_Inerting_Cons_mt": null,
    "Boiler_Miscellaneous_Cons_mt": null,
    "GCU_Cons_mt": null,
    "IGG_Cons_mt": null,
    "Incinerator_Cons_mt": null,
    "Diesel_Power_Pack": null,
    "Others_Cons_mt": null,
    "Pilot_Flame_Cons_mt": null,
    "Calculated_ROB_mt": 966.43,
    "CE_Declared_ROB_mt": 966.43,
    "Adjustment_mt": null,
    "Adjustment_Reason": null,
    "Comment": null,
    "id": 40,
    "report_id": 7
  },
  {
    "Fuel_Type": "MGO",
    "Bunker_Batch": 6,
    "ME_Cons_mt": 0,
    "AE_Cons_mt": null,
    "AE_Hotel_Load_Cons_mt": null,
    "AE_Ballast_Cons_mt": null,
    "AE_Tank_Cleaning_Cons_mt": null,
    "AE_Cargo_Heating_Cons_mt": null,
    "AE_Cargo_Transfer_Cons_mt": null,
    "AE_Inerting_Cons_mt": null,
    "AE_Crane_Cons_mt": null,
    "AE_Cooling_Cons_mt": null,
    "AE_Miscellaneous_Cons_mt": null,
    "Boiler_Cons_mt": null,
    "Boiler_Hotel_Load_Cons_mt": null,
    "Boiler_Ballast_Cons_mt": null,
    "Boiler_Tank_Cleaning_Cons_mt": null,
    "Boiler_Cargo_Heating_Cons_mt": null,
    "Boiler_Cargo_Transfer_Cons_mt": null,
    "Boiler_Inerting_Cons_mt": null,
    "Boiler_Miscellaneous_Cons_mt": null,
    "GCU_Cons_mt": null,
    "IGG_Cons_mt": null,
    "Incinerator_Cons_mt": null,
    "Diesel_Power_Pack": null,
    "Others_Cons_mt": null,
    "Pilot_Flame_Cons_mt": null,
    "Calculated_ROB_mt": 21.81,
    "CE_Declared_ROB_mt": 21.81,
    "Adjustment_mt": null,
    "Adjustment_Reason": null,
    "Comment": null,
    "id": 41,
    "report_id": 7
  },
  {
    "Fuel_Type": "VLSFO",
    "Bunker_Batch": 1,
    "ME_Cons_mt": 0,
    "AE_Cons_mt": null,
    "AE_Hotel_Load_Cons_mt": null,
    "AE_Ballast_Cons_mt": null,
    "AE_Tank_Cleaning_Cons_mt": null,
    "AE_Cargo_Heating_Cons_mt": null,
    "AE_Cargo_Transfer_Cons_mt": null,
    "AE_Inerting_Cons_mt": null,
    "AE_Crane_Cons_mt": null,
    "AE_Cooling_Cons_mt": null,
    "AE_Miscellaneous_Cons_mt": null,
    "Boiler_Cons_mt": null,
    "Boiler_Hotel_Load_Cons_mt": null,
    "Boiler_Ballast_Cons_mt": null,
    "Boiler_Tank_Cleaning_Cons_mt": null,
    "Boiler_Cargo_Heating_Cons_mt": null,
    "Boiler_Cargo_Transfer_Cons_mt": null,
    "Boiler_Inerting_Cons_mt": null,
    "Boiler_Miscellaneous_Cons_mt": null,
    "GCU_Cons_mt": null,
    "IGG_Cons_mt": null,
    "Incinerator_Cons_mt": null,
    "Diesel_Power_Pack": null,
    "Others_Cons_mt": null,
    "Pilot_Flame_Cons_mt": null,
    "Calculated_ROB_mt": 10.29,
    "CE_Declared_ROB_mt": 10.29,
    "Adjustment_mt": null,
    "Adjustment_Reason": null,
    "Comment": null,
    "id": 42,
    "report_id": 8
  },
  {
    "Fuel_Type": "MGO",
    "Bunker_Batch": 3,
    "ME_Cons_mt": 0,
    "AE_Cons_mt": null,
    "AE_Hotel_Load_Cons_mt": null,
    "AE_Ballast_Cons_mt": null,
    "AE_Tank_Cleaning_Cons_mt": null,
    "AE_Cargo_Heating_Cons_mt": null,
    "AE_Cargo_Transfer_Cons_mt": null,
    "AE_Inerting_Cons_mt": null,
    "AE_Crane_Cons_mt": null,
    "AE_Cooling_Cons_mt": null,
    "AE_Miscellaneous_Cons_mt": null,
    "Boiler_Cons_mt": null,
    "Boiler_Hotel_Load_Cons_mt": null,
    "Boiler_Ballast_Cons_mt": null,
    "Boiler_Tank_Cleaning_Cons_mt": null,
    "Boiler_Cargo_Heating_Cons_mt": null,
    "Boiler_Cargo_Transfer_Cons_mt": null,
    "Boiler_Inerting_Cons_mt": null,
    "Boiler_Miscellaneous_Cons_mt": null,
    "GCU_Cons_mt": null,
    "IGG_Cons_mt": null,
    "Incinerator_Cons_mt": null,
    "Diesel_Power_Pack": null,
    "Others_Cons_mt": null,
    "Pilot_Flame_Cons_mt": null,
    "Calculated_ROB_mt": 99.98,
    "CE_Declared_ROB_mt": 99.98,
    "Adjustment_mt": null,
    "Adjustment_Reason": null,
    "Comment": null,
    "id": 43,
    "report_id": 8
  },
  {
    "Fuel_Type": "MGO",
    "Bunker_Batch": 4,
    "ME_Cons_mt": 0,
    "AE_Cons_mt": null,
    "AE_Hotel_Load_Cons_mt": null,
    "AE_Ballast_Cons_mt": null,
    "AE_Tank_Cleaning_Cons_mt": null,
    "AE_Cargo_Heating_Cons_mt": null,
    "AE_Cargo_Transfer_Cons_mt": null,
    "AE_Inerting_Cons_mt": null,
    "AE_Crane_Cons_mt": null,
    "AE_Cooling_Cons_mt": null,
    "AE_Miscellaneous_Cons_mt": null,
    "Boiler_Cons_mt": null,
    "Boiler_Hotel_Load_Cons_mt": null,
    "Boiler_Ballast_Cons_mt": null,
    "Boiler_Tank_Cleaning_Cons_mt": null,
    "Boiler_Cargo_Heating_Cons_mt": null,
    "Boiler_Cargo_Transfer_Cons_mt": null,
    "Boiler_Inerting_Cons_mt": null,
    "Boiler_Miscellaneous_Cons_mt": null,
    "GCU_Cons_mt": null,
    "IGG_Cons_mt": null,
    "Incinerator_Cons_mt": null,
    "Diesel_Power_Pack": null,
    "Others_Cons_mt": null,
    "Pilot_Flame_Cons_mt": null,
    "Calculated_ROB_mt": 98.31,
    "CE_Declared_ROB_mt": 98.31,
    "Adjustment_mt": null,
    "Adjustment_Reason": null,
    "Comment": null,
    "id": 44,
    "report_id": 8
  },
  {
    "Fuel_Type": "HSFO",
    "Bunker_Batch": 5,
    "ME_Cons_mt": 17.1,
    "AE_Cons_mt": 3.4000000000000004,
    "AE_Hotel_Load_Cons_mt": null,
    "AE_Ballast_Cons_mt": null,
    "AE_Tank_Cleaning_Cons_mt": null,
    "AE_Cargo_Heating_Cons_mt": 0.8,
    "AE_Cargo_Transfer_Cons_mt": null,
    "AE_Inerting_Cons_mt": null,
    "AE_Crane_Cons_mt": null,
    "AE_Cooling_Cons_mt": null,
    "AE_Miscellaneous_Cons_mt": 2.6,
    "Boiler_Cons_mt": 0,
    "Boiler_Hotel_Load_Cons_mt": null,
    "Boiler_Ballast_Cons_mt": null,
    "Boiler_Tank_Cleaning_Cons_mt": null,
    "Boiler_Cargo_Heating_Cons_mt": null,
    "Boiler_Cargo_Transfer_Cons_mt": null,
    "Boiler_Inerting_Cons_mt": null,
    "Boiler_Miscellaneous_Cons_mt": null,
    "GCU_Cons_mt": null,
    "IGG_Cons_mt": null,
    "Incinerator_Cons_mt": null,
    "Diesel_Power_Pack": null,
    "Others_Cons_mt": null,
    "Pilot_Flame_Cons_mt": null,
    "Calculated_ROB_mt": 945.93,
    "CE_Declared_ROB_mt": 945.93,
    "Adjustment_mt": null,
    "Adjustment_Reason": null,
    "Comment": null,
    "id": 45,
    "report_id": 8
  },
  {
    "Fuel_Type": "MGO",
    "Bunker_Batch": 6,
    "ME_Cons_mt": null,
    "AE_Cons_mt": null,
    "AE_Hotel_Load_Cons_mt": null,
    "AE_Ballast_Cons_mt": null,
    "AE_Tank_Cleaning_Cons_mt": null,
    "AE_Cargo_Heating_Cons_mt": null,
    "AE_Cargo_Transfer_Cons_mt": null,
    "AE_Inerting_Cons_mt": null,
    "AE_Crane_Cons_mt": null,
    "AE_Cooling_Cons_mt": null,
    "AE_Miscellaneous_Cons_mt": null,
    "Boiler_Cons_mt": 1.18,
    "Boiler_Hotel_Load_Cons_mt": null,
    "Boiler_Ballast_Cons_mt": null,
    "Boiler_Tank_Cleaning_Cons_mt": null,
    "Boiler_Cargo_Heating_Cons_mt": 1.18,
    "Boiler_Cargo_Transfer_Cons_mt": null,
    "Boiler_Inerting_Cons_mt": null,
    "Boiler_Miscellaneous_Cons_mt": null,
    "GCU_Cons_mt": null,
    "IGG_Cons_mt": null,
    "Incinerator_Cons_mt": null,
    "Diesel_Power_Pack": null,
    "Others_Cons_mt": null,
    "Pilot_Flame_Cons_mt": null,
    "Calculated_ROB_mt": 20.63,
    "CE_Declared_ROB_mt": 20.63,
    "Adjustment_mt": null,
    "Adjustment_Reason": null,
    "Comment": null,
    "id": 46,
    "report_id": 8
  },
  {
    "Fuel_Type": "VLSFO",
    "Bunker_Batch": 1,
    "ME_Cons_mt": 0,
    "AE_Cons_mt": null,
    "AE_Hotel_Load_Cons_mt": null,
    "AE_Ballast_Cons_mt": null,
    "AE_Tank_Cleaning_Cons_mt": null,
    "AE_Cargo_Heating_Cons_mt": null,
    "AE_Cargo_Transfer_Cons_mt": null,
    "AE_Inerting_Cons_mt": null,
    "AE_Crane_Cons_mt": null,
    "AE_Cooling_Cons_mt": null,
    "AE_Miscellaneous_Cons_mt": null,
    "Boiler_Cons_mt": null,
    "Boiler_Hotel_Load_Cons_mt": null,
    "Boiler_Ballast_Cons_mt": null,
    "Boiler_Tank_Cleaning_Cons_mt": null,
    "Boiler_Cargo_Heating_Cons_mt": null,
    "Boiler_Cargo_Transfer_Cons_mt": null,
    "Boiler_Inerting_Cons_mt": null,
    "Boiler_Miscellaneous_Cons_mt": null,
    "GCU_Cons_mt": null,
    "IGG_Cons_mt": null,
    "Incinerator_Cons_mt": null,
    "Diesel_Power_Pack": null,
    "Others_Cons_mt": null,
    "Pilot_Flame_Cons_mt": null,
    "Calculated_ROB_mt": 10.29,
    "CE_Declared_ROB_mt": 10.29,
    "Adjustment_mt": null,
    "Adjustment_Reason": null,
    "Comment": null,
    "id": 47,
    "report_id": 9
  },
  {
    "Fuel_Type": "MGO",
    "Bunker_Batch": 3,
    "ME_Cons_mt": 0,
    "AE_Cons_mt": null,
    "AE_Hotel_Load_Cons_mt": null,
    "AE_Ballast_Cons_mt": null,
    "AE_Tank_Cleaning_Cons_mt": null,
    "AE_Cargo_Heating_Cons_mt": null,
    "AE_Cargo_Transfer_Cons_mt": null,
    "AE_Inerting_Cons_mt": null,
    "AE_Crane_Cons_mt": null,
    "AE_Cooling_Cons_mt": null,
    "AE_Miscellaneous_Cons_mt": null,
    "Boiler_Cons_mt": null,
    "Boiler_Hotel_Load_Cons_mt": null,
    "Boiler_Ballast_Cons_mt": null,
    "Boiler_Tank_Cleaning_Cons_mt": null,
    "Boiler_Cargo_Heating_Cons_mt": null,
    "Boiler_Cargo_Transfer_Cons_mt": null,
    "Boiler_Inerting_Cons_mt": null,
    "Boiler_Miscellaneous_Cons_mt": null,
    "GCU_Cons_mt": null,
    "IGG_Cons_mt": null,
    "Incinerator_Cons_mt": null,
    "Diesel_Power_Pack": null,
    "Others_Cons_mt": null,
    "Pilot_Flame_Cons_mt": null,
    "Calculated_ROB_mt": 99.98,
    "CE_Declared_ROB_mt": 99.98,
    "Adjustment_mt": null,
    "Adjustment_Reason": null,
    "Comment": null,
    "id": 48,
    "report_id": 9
  },
  {
    "Fuel_Type": "MGO",
    "Bunker_Batch": 4,
    "ME_Cons_mt": 0,
    "AE_Cons_mt": null,
    "AE_Hotel_Load_Cons_mt": null,
    "AE_Ballast_Cons_mt": null,
    "AE_Tank_Cleaning_Cons_mt": null,
    "AE_Cargo_Heating_Cons_mt": null,
    "AE_Cargo_Transfer_Cons_mt": null,
    "AE_Inerting_Cons_mt": null,
    "AE_Crane_Cons_mt": null,
    "AE_Cooling_Cons_mt": null,
    "AE_Miscellaneous_Cons_mt": null,
    "Boiler_Cons_mt": null,
    "Boiler_Hotel_Load_Cons_mt": null,
    "Boiler_Ballast_Cons_mt": null,
    "Boiler_Tank_Cleaning_Cons_mt": null,
    "Boiler_Cargo_Heating_Cons_mt": null,
    "Boiler_Cargo_Transfer_Cons_mt": null,
    "Boiler_Inerting_Cons_mt": null,
    "Boiler_Miscellaneous_Cons_mt": null,
    "GCU_Cons_mt": null,
    "IGG_Cons_mt": null,
    "Incinerator_Cons_mt": null,
    "Diesel_Power_Pack": null,
    "Others_Cons_mt": null,
    "Pilot_Flame_Cons_mt": null,
    "Calculated_ROB_mt": 98.31,
    "CE_Declared_ROB_mt": 98.31,
    "Adjustment_mt": null,
    "Adjustment_Reason": null,
    "Comment": null,
    "id": 49,
    "report_id": 9
  },
  {
    "Fuel_Type": "HSFO",
    "Bunker_Batch": 5,
    "ME_Cons_mt": 17,
    "AE_Cons_mt": 3.8200000000000003,
    "AE_Hotel_Load_Cons_mt": null,
    "AE_Ballast_Cons_mt": null,
    "AE_Tank_Cleaning_Cons_mt": null,
    "AE_Cargo_Heating_Cons_mt": 1.24,
    "AE_Cargo_Transfer_Cons_mt": null,
    "AE_Inerting_Cons_mt": null,
    "AE_Crane_Cons_mt": null,
    "AE_Cooling_Cons_mt": null,
    "AE_Miscellaneous_Cons_mt": 2.58,
    "Boiler_Cons_mt": null,
    "Boiler_Hotel_Load_Cons_mt": null,
    "Boiler_Ballast_Cons_mt": null,
    "Boiler_Tank_Cleaning_Cons_mt": null,
    "Boiler_Cargo_Heating_Cons_mt": null,
    "Boiler_Cargo_Transfer_Cons_mt": null,
    "Boiler_Inerting_Cons_mt": null,
    "Boiler_Miscellaneous_Cons_mt": null,
    "GCU_Cons_mt": null,
    "IGG_Cons_mt": null,
    "Incinerator_Cons_mt": null,
    "Diesel_Power_Pack": null,
    "Others_Cons_mt": null,
    "Pilot_Flame_Cons_mt": null,
    "Calculated_ROB_mt": 925.11,
    "CE_Declared_ROB_mt": 925.11,
    "Adjustment_mt": null,
    "Adjustment_Reason": null,
    "Comment": null,
    "id": 50,
    "report_id": 9
  },
  {
    "Fuel_Type": "MGO",
    "Bunker_Batch": 6,
    "ME_Cons_mt": null,
    "AE_Cons_mt": null,
    "AE_Hotel_Load_Cons_mt": null,
    "AE_Ballast_Cons_mt": null,
    "AE_Tank_Cleaning_Cons_mt": null,
    "AE_Cargo_Heating_Cons_mt": null,
    "AE_Cargo_Transfer_Cons_mt": null,
    "AE_Inerting_Cons_mt": null,
    "AE_Crane_Cons_mt": null,
    "AE_Cooling_Cons_mt": null,
    "AE_Miscellaneous_Cons_mt": null,
    "Boiler_Cons_mt": 3.99,
    "Boiler_Hotel_Load_Cons_mt": null,
    "Boiler_Ballast_Cons_mt": null,
    "Boiler_Tank_Cleaning_Cons_mt": null,
    "Boiler_Cargo_Heating_Cons_mt": 3.99,
    "Boiler_Cargo_Transfer_Cons_mt": null,
    "Boiler_Inerting_Cons_mt": null,
    "Boiler_Miscellaneous_Cons_mt": null,
    "GCU_Cons_mt": null,
    "IGG_Cons_mt": null,
    "Incinerator_Cons_mt": null,
    "Diesel_Power_Pack": null,
    "Others_Cons_mt": null,
    "Pilot_Flame_Cons_mt": null,
    "Calculated_ROB_mt": 16.64,
    "CE_Declared_ROB_mt": 16.64,
    "Adjustment_mt": null,
    "Adjustment_Reason": null,
    "Comment": null,
    "id": 51,
    "report_id": 9
  },
  {
    "Fuel_Type": "VLSFO",
    "Bunker_Batch": 1,
    "ME_Cons_mt": 0,
    "AE_Cons_mt": null,
    "AE_Hotel_Load_Cons_mt": null,
    "AE_Ballast_Cons_mt": null,
    "AE_Tank_Cleaning_Cons_mt": null,
    "AE_Cargo_Heating_Cons_mt": null,
    "AE_Cargo_Transfer_Cons_mt": null,
    "AE_Inerting_Cons_mt": null,
    "AE_Crane_Cons_mt": null,
    "AE_Cooling_Cons_mt": null,
    "AE_Miscellaneous_Cons_mt": null,
    "Boiler_Cons_mt": null,
    "Boiler_Hotel_Load_Cons_mt": null,
    "Boiler_Ballast_Cons_mt": null,
    "Boiler_Tank_Cleaning_Cons_mt": null,
    "Boiler_Cargo_Heating_Cons_mt": null,
    "Boiler_Cargo_Transfer_Cons_mt": null,
    "Boiler_Inerting_Cons_mt": null,
    "Boiler_Miscellaneous_Cons_mt": null,
    "GCU_Cons_mt": null,
    "IGG_Cons_mt": null,
    "Incinerator_Cons_mt": null,
    "Diesel_Power_Pack": null,
    "Others_Cons_mt": null,
    "Pilot_Flame_Cons_mt": null,
    "Calculated_ROB_mt": 10.29,
    "CE_Declared_ROB_mt": 10.29,
    "Adjustment_mt": null,
    "Adjustment_Reason": null,
    "Comment": null,
    "id": 52,
    "report_id": 10
  },
  {
    "Fuel_Type": "MGO",
    "Bunker_Batch": 3,
    "ME_Cons_mt": 0,
    "AE_Cons_mt": null,
    "AE_Hotel_Load_Cons_mt": null,
    "AE_Ballast_Cons_mt": null,
    "AE_Tank_Cleaning_Cons_mt": null,
    "AE_Cargo_Heating_Cons_mt": null,
    "AE_Cargo_Transfer_Cons_mt": null,
    "AE_Inerting_Cons_mt": null,
    "AE_Crane_Cons_mt": null,
    "AE_Cooling_Cons_mt": null,
    "AE_Miscellaneous_Cons_mt": null,
    "Boiler_Cons_mt": null,
    "Boiler_Hotel_Load_Cons_mt": null,
    "Boiler_Ballast_Cons_mt": null,
    "Boiler_Tank_Cleaning_Cons_mt": null,
    "Boiler_Cargo_Heating_Cons_mt": null,
    "Boiler_Cargo_Transfer_Cons_mt": null,
    "Boiler_Inerting_Cons_mt": null,
    "Boiler_Miscellaneous_Cons_mt": null,
    "GCU_Cons_mt": null,
    "IGG_Cons_mt": null,
    "Incinerator_Cons_mt": null,
    "Diesel_Power_Pack": null,
    "Others_Cons_mt": null,
    "Pilot_Flame_Cons_mt": null,
    "Calculated_ROB_mt": 99.98,
    "CE_Declared_ROB_mt": 99.98,
    "Adjustment_mt": null,
    "Adjustment_Reason": null,
    "Comment": null,
    "id": 53,
    "report_id": 10
  },
  {
    "Fuel_Type": "MGO",
    "Bunker_Batch": 4,
    "ME_Cons_mt": 0,
    "AE_Cons_mt": null,
    "AE_Hotel_Load_Cons_mt": null,
    "AE_Ballast_Cons_mt": null,
    "AE_Tank_Cleaning_Cons_mt": null,
    "AE_Cargo_Heating_Cons_mt": null,
    "AE_Cargo_Transfer_Cons_mt": null,
    "AE_Inerting_Cons_mt": null,
    "AE_Crane_Cons_mt": null,
    "AE_Cooling_Cons_mt": null,
    "AE_Miscellaneous_Cons_mt": null,
    "Boiler_Cons_mt": null,
    "Boiler_Hotel_Load_Cons_mt": null,
    "Boiler_Ballast_Cons_mt": null,
    "Boiler_Tank_Cleaning_Cons_mt": null,
    "Boiler_Cargo_Heating_Cons_mt": null,
    "Boiler_Cargo_Transfer_Cons_mt": null,
    "Boiler_Inerting_Cons_mt": null,
    "Boiler_Miscellaneous_Cons_mt": null,
    "GCU_Cons_mt": null,
    "IGG_Cons_mt": null,
    "Incinerator_Cons_mt": null,
    "Diesel_Power_Pack": null,
    "Others_Cons_mt": null,
    "Pilot_Flame_Cons_mt": null,
    "Calculated_ROB_mt": 98.31,
    "CE_Declared_ROB_mt": 98.31,
    "Adjustment_mt": null,
    "Adjustment_Reason": null,
    "Comment": null,
    "id": 54,
    "report_id": 10
  },
  {
    "Fuel_Type": "HSFO",
    "Bunker_Batch": 5,
    "ME_Cons_mt": 17.6,
    "AE_Cons_mt": 3.45,
    "AE_Hotel_Load_Cons_mt": null,
    "AE_Ballast_Cons_mt": null,
    "AE_Tank_Cleaning_Cons_mt": null,
    "AE_Cargo_Heating_Cons_mt": 0.85,
    "AE_Cargo_Transfer_Cons_mt": null,
    "AE_Inerting_Cons_mt": null,
    "AE_Crane_Cons_mt": null,
    "AE_Cooling_Cons_mt": null,
    "AE_Miscellaneous_Cons_mt": 2.6,
    "Boiler_Cons_mt": 0,
    "Boiler_Hotel_Load_Cons_mt": null,
    "Boiler_Ballast_Cons_mt": null,
    "Boiler_Tank_Cleaning_Cons_mt": null,
    "Boiler_Cargo_Heating_Cons_mt": null,
    "Boiler_Cargo_Transfer_Cons_mt": null,
    "Boiler_Inerting_Cons_mt": null,
    "Boiler_Miscellaneous_Cons_mt": null,
    "GCU_Cons_mt": null,
    "IGG_Cons_mt": null,
    "Incinerator_Cons_mt": null,
    "Diesel_Power_Pack": null,
    "Others_Cons_mt": null,
    "Pilot_Flame_Cons_mt": null,
    "Calculated_ROB_mt": 904.06,
    "CE_Declared_ROB_mt": 904.06,
    "Adjustment_mt": null,
    "Adjustment_Reason": null,
    "Comment": null,
    "id": 55,
    "report_id": 10
  },
  {
    "Fuel_Type": "MGO",
    "Bunker_Batch": 6,
    "ME_Cons_mt": null,
    "AE_Cons_mt": null,
    "AE_Hotel_Load_Cons_mt": null,
    "AE_Ballast_Cons_mt": null,
    "AE_Tank_Cleaning_Cons_mt": null,
    "AE_Cargo_Heating_Cons_mt": null,
    "AE_Cargo_Transfer_Cons_mt": null,
    "AE_Inerting_Cons_mt": null,
    "AE_Crane_Cons_mt": null,
    "AE_Cooling_Cons_mt": null,
    "AE_Miscellaneous_Cons_mt": null,
    "Boiler_Cons_mt": 2.63,
    "Boiler_Hotel_Load_Cons_mt": null,
    "Boiler_Ballast_Cons_mt": null,
    "Boiler_Tank_Cleaning_Cons_mt": null,
    "Boiler_Cargo_Heating_Cons_mt": 2.63,
    "Boiler_Cargo_Transfer_Cons_mt": null,
    "Boiler_Inerting_Cons_mt": null,
    "Boiler_Miscellaneous_Cons_mt": null,
    "GCU_Cons_mt": null,
    "IGG_Cons_mt": null,
    "Incinerator_Cons_mt": null,
    "Diesel_Power_Pack": null,
    "Others_Cons_mt": null,
    "Pilot_Flame_Cons_mt": null,
    "Calculated_ROB_mt": 14.01,
    "CE_Declared_ROB_mt": 14.01,
    "Adjustment_mt": null,
    "Adjustment_Reason": null,
    "Comment": null,
    "id": 56,
    "report_id": 10
  },
  {
    "Fuel_Type": "VLSFO",
    "Bunker_Batch": 1,
    "ME_Cons_mt": 0,
    "AE_Cons_mt": null,
    "AE_Hotel_Load_Cons_mt": null,
    "AE_Ballast_Cons_mt": null,
    "AE_Tank_Cleaning_Cons_mt": null,
    "AE_Cargo_Heating_Cons_mt": null,
    "AE_Cargo_Transfer_Cons_mt": null,
    "AE_Inerting_Cons_mt": null,
    "AE_Crane_Cons_mt": null,
    "AE_Cooling_Cons_mt": null,
    "AE_Miscellaneous_Cons_mt": null,
    "Boiler_Cons_mt": null,
    "Boiler_Hotel_Load_Cons_mt": null,
    "Boiler_Ballast_Cons_mt": null,
    "Boiler_Tank_Cleaning_Cons_mt": null,
    "Boiler_Cargo_Heating_Cons_mt": null,
    "Boiler_Cargo_Transfer_Cons_mt": null,
    "Boiler_Inerting_Cons_mt": null,
    "Boiler_Miscellaneous_Cons_mt": null,
    "GCU_Cons_mt": null,
    "IGG_Cons_mt": null,
    "Incinerator_Cons_mt": null,
    "Diesel_Power_Pack": null,
    "Others_Cons_mt": null,
    "Pilot_Flame_Cons_mt": null,
    "Calculated_ROB_mt": 10.29,
    "CE_Declared_ROB_mt": 10.29,
    "Adjustment_mt": null,
    "Adjustment_Reason": null,
    "Comment": null,
    "id": 57,
    "report_id": 11
  },
  {
    "Fuel_Type": "MGO",
    "Bunker_Batch": 3,
    "ME_Cons_mt": 0,
    "AE_Cons_mt": null,
    "AE_Hotel_Load_Cons_mt": null,
    "AE_Ballast_Cons_mt": null,
    "AE_Tank_Cleaning_Cons_mt": null,
    "AE_Cargo_Heating_Cons_mt": null,
    "AE_Cargo_Transfer_Cons_mt": null,
    "AE_Inerting_Cons_mt": null,
    "AE_Crane_Cons_mt": null,
    "AE_Cooling_Cons_mt": null,
    "AE_Miscellaneous_Cons_mt": null,
    "Boiler_Cons_mt": null,
    "Boiler_Hotel_Load_Cons_mt": null,
    "Boiler_Ballast_Cons_mt": null,
    "Boiler_Tank_Cleaning_Cons_mt": null,
    "Boiler_Cargo_Heating_Cons_mt": null,
    "Boiler_Cargo_Transfer_Cons_mt": null,
    "Boiler_Inerting_Cons_mt": null,
    "Boiler_Miscellaneous_Cons_mt": null,
    "GCU_Cons_mt": null,
    "IGG_Cons_mt": null,
    "Incinerator_Cons_mt": null,
    "Diesel_Power_Pack": null,
    "Others_Cons_mt": null,
    "Pilot_Flame_Cons_mt": null,
    "Calculated_ROB_mt": 99.98,
    "CE_Declared_ROB_mt": 99.98,
    "Adjustment_mt": null,
    "Adjustment_Reason": null,
    "Comment": null,
    "id": 58,
    "report_id": 11
  },
  {
    "Fuel_Type": "MGO",
    "Bunker_Batch": 4,
    "ME_Cons_mt": 0,
    "AE_Cons_mt": null,
    "AE_Hotel_Load_Cons_mt": null,
    "AE_Ballast_Cons_mt": null,
    "AE_Tank_Cleaning_Cons_mt": null,
    "AE_Cargo_Heating_Cons_mt": null,
    "AE_Cargo_Transfer_Cons_mt": null,
    "AE_Inerting_Cons_mt": null,
    "AE_Crane_Cons_mt": null,
    "AE_Cooling_Cons_mt": null,
    "AE_Miscellaneous_Cons_mt": null,
    "Boiler_Cons_mt": null,
    "Boiler_Hotel_Load_Cons_mt": null,
    "Boiler_Ballast_Cons_mt": null,
    "Boiler_Tank_Cleaning_Cons_mt": null,
    "Boiler_Cargo_Heating_Cons_mt": null,
    "Boiler_Cargo_Transfer_Cons_mt": null,
    "Boiler_Inerting_Cons_mt": null,
    "Boiler_Miscellaneous_Cons_mt": null,
    "GCU_Cons_mt": null,
    "IGG_Cons_mt": null,
    "Incinerator_Cons_mt": null,
    "Diesel_Power_Pack": null,
    "Others_Cons_mt": null,
    "Pilot_Flame_Cons_mt": null,
    "Calculated_ROB_mt": 98.31,
    "CE_Declared_ROB_mt": 98.31,
    "Adjustment_mt": null,
    "Adjustment_Reason": null,
    "Comment": null,
    "id": 59,
    "report_id": 11
  },
  {
    "Fuel_Type": "HSFO",
    "Bunker_Batch": 5,
    "ME_Cons_mt": 17.58,
    "AE_Cons_mt": 3.38,
    "AE_Hotel_Load_Cons_mt": null,
    "AE_Ballast_Cons_mt": null,
    "AE_Tank_Cleaning_Cons_mt": null,
    "AE_Cargo_Heating_Cons_mt": 0.83,
    "AE_Cargo_Transfer_Cons_mt": null,
    "AE_Inerting_Cons_mt": null,
    "AE_Crane_Cons_mt": null,
    "AE_Cooling_Cons_mt": null,
    "AE_Miscellaneous_Cons_mt": 2.55,
    "Boiler_Cons_mt": null,
    "Boiler_Hotel_Load_Cons_mt": null,
    "Boiler_Ballast_Cons_mt": null,
    "Boiler_Tank_Cleaning_Cons_mt": null,
    "Boiler_Cargo_Heating_Cons_mt": null,
    "Boiler_Cargo_Transfer_Cons_mt": null,
    "Boiler_Inerting_Cons_mt": null,
    "Boiler_Miscellaneous_Cons_mt": null,
    "GCU_Cons_mt": null,
    "IGG_Cons_mt": null,
    "Incinerator_Cons_mt": null,
    "Diesel_Power_Pack": null,
    "Others_Cons_mt": null,
    "Pilot_Flame_Cons_mt": null,
    "Calculated_ROB_mt": 883.1,
    "CE_Declared_ROB_mt": 883.1,
    "Adjustment_mt": null,
    "Adjustment_Reason": null,
    "Comment": null,
    "id": 60,
    "report_id": 11
  },
  {
    "Fuel_Type": "MGO",
    "Bunker_Batch": 6,
    "ME_Cons_mt": null,
    "AE_Cons_mt": null,
    "AE_Hotel_Load_Cons_mt": null,
    "AE_Ballast_Cons_mt": null,
    "AE_Tank_Cleaning_Cons_mt": null,
    "AE_Cargo_Heating_Cons_mt": null,
    "AE_Cargo_Transfer_Cons_mt": null,
    "AE_Inerting_Cons_mt": null,
    "AE_Crane_Cons_mt": null,
    "AE_Cooling_Cons_mt": null,
    "AE_Miscellaneous_Cons_mt": null,
    "Boiler_Cons_mt": 2,
    "Boiler_Hotel_Load_Cons_mt": null,
    "Boiler_Ballast_Cons_mt": null,
    "Boiler_Tank_Cleaning_Cons_mt": null,
    "Boiler_Cargo_Heating_Cons_mt": 2,
    "Boiler_Cargo_Transfer_Cons_mt": null,
    "Boiler_Inerting_Cons_mt": null,
    "Boiler_Miscellaneous_Cons_mt": null,
    "GCU_Cons_mt": null,
    "IGG_Cons_mt": null,
    "Incinerator_Cons_mt": 0.1,
    "Diesel_Power_Pack": null,
    "Others_Cons_mt": null,
    "Pilot_Flame_Cons_mt": null,
    "Calculated_ROB_mt": 11.91,
    "CE_Declared_ROB_mt": 11.91,
    "Adjustment_mt": null,
    "Adjustment_Reason": null,
    "Comment": null,
    "id": 61,
    "report_id": 11
  },
  {
    "Fuel_Type": "VLSFO",
    "Bunker_Batch": 1,
    "ME_Cons_mt": 0,
    "AE_Cons_mt": null,
    "AE_Hotel_Load_Cons_mt": null,
    "AE_Ballast_Cons_mt": null,
    "AE_Tank_Cleaning_Cons_mt": null,
    "AE_Cargo_Heating_Cons_mt": null,
    "AE_Cargo_Transfer_Cons_mt": null,
    "AE_Inerting_Cons_mt": null,
    "AE_Crane_Cons_mt": null,
    "AE_Cooling_Cons_mt": null,
    "AE_Miscellaneous_Cons_mt": null,
    "Boiler_Cons_mt": null,
    "Boiler_Hotel_Load_Cons_mt": null,
    "Boiler_Ballast_Cons_mt": null,
    "Boiler_Tank_Cleaning_Cons_mt": null,
    "Boiler_Cargo_Heating_Cons_mt": null,
    "Boiler_Cargo_Transfer_Cons_mt": null,
    "Boiler_Inerting_Cons_mt": null,
    "Boiler_Miscellaneous_Cons_mt": null,
    "GCU_Cons_mt": null,
    "IGG_Cons_mt": null,
    "Incinerator_Cons_mt": null,
    "Diesel_Power_Pack": null,
    "Others_Cons_mt": null,
    "Pilot_Flame_Cons_mt": null,
    "Calculated_ROB_mt": 10.29,
    "CE_Declared_ROB_mt": 10.29,
    "Adjustment_mt": null,
    "Adjustment_Reason": null,
    "Comment": null,
    "id": 62,
    "report_id": 11
  },
  {
    "Fuel_Type": "MGO",
    "Bunker_Batch": 3,
    "ME_Cons_mt": 0,
    "AE_Cons_mt": null,
    "AE_Hotel_Load_Cons_mt": null,
    "AE_Ballast_Cons_mt": null,
    "AE_Tank_Cleaning_Cons_mt": null,
    "AE_Cargo_Heating_Cons_mt": null,
    "AE_Cargo_Transfer_Cons_mt": null,
    "AE_Inerting_Cons_mt": null,
    "AE_Crane_Cons_mt": null,
    "AE_Cooling_Cons_mt": null,
    "AE_Miscellaneous_Cons_mt": null,
    "Boiler_Cons_mt": null,
    "Boiler_Hotel_Load_Cons_mt": null,
    "Boiler_Ballast_Cons_mt": null,
    "Boiler_Tank_Cleaning_Cons_mt": null,
    "Boiler_Cargo_Heating_Cons_mt": null,
    "Boiler_Cargo_Transfer_Cons_mt": null,
    "Boiler_Inerting_Cons_mt": null,
    "Boiler_Miscellaneous_Cons_mt": null,
    "GCU_Cons_mt": null,
    "IGG_Cons_mt": null,
    "Incinerator_Cons_mt": null,
    "Diesel_Power_Pack": null,
    "Others_Cons_mt": null,
    "Pilot_Flame_Cons_mt": null,
    "Calculated_ROB_mt": 99.98,
    "CE_Declared_ROB_mt": 99.98,
    "Adjustment_mt": null,
    "Adjustment_Reason": null,
    "Comment": null,
    "id": 63,
    "report_id": 11
  },
  {
    "Fuel_Type": "MGO",
    "Bunker_Batch": 4,
    "ME_Cons_mt": 0,
    "AE_Cons_mt": null,
    "AE_Hotel_Load_Cons_mt": null,
    "AE_Ballast_Cons_mt": null,
    "AE_Tank_Cleaning_Cons_mt": null,
    "AE_Cargo_Heating_Cons_mt": null,
    "AE_Cargo_Transfer_Cons_mt": null,
    "AE_Inerting_Cons_mt": null,
    "AE_Crane_Cons_mt": null,
    "AE_Cooling_Cons_mt": null,
    "AE_Miscellaneous_Cons_mt": null,
    "Boiler_Cons_mt": null,
    "Boiler_Hotel_Load_Cons_mt": null,
    "Boiler_Ballast_Cons_mt": null,
    "Boiler_Tank_Cleaning_Cons_mt": null,
    "Boiler_Cargo_Heating_Cons_mt": null,
    "Boiler_Cargo_Transfer_Cons_mt": null,
    "Boiler_Inerting_Cons_mt": null,
    "Boiler_Miscellaneous_Cons_mt": null,
    "GCU_Cons_mt": null,
    "IGG_Cons_mt": null,
    "Incinerator_Cons_mt": null,
    "Diesel_Power_Pack": null,
    "Others_Cons_mt": null,
    "Pilot_Flame_Cons_mt": null,
    "Calculated_ROB_mt": 98.31,
    "CE_Declared_ROB_mt": 98.31,
    "Adjustment_mt": null,
    "Adjustment_Reason": null,
    "Comment": null,
    "id": 64,
    "report_id": 11
  },
  {
    "Fuel_Type": "HSFO",
    "Bunker_Batch": 5,
    "ME_Cons_mt": 17.58,
    "AE_Cons_mt": 3.38,
    "AE_Hotel_Load_Cons_mt": null,
    "AE_Ballast_Cons_mt": null,
    "AE_Tank_Cleaning_Cons_mt": null,
    "AE_Cargo_Heating_Cons_mt": 0.83,
    "AE_Cargo_Transfer_Cons_mt": null,
    "AE_Inerting_Cons_mt": null,
    "AE_Crane_Cons_mt": null,
    "AE_Cooling_Cons_mt": null,
    "AE_Miscellaneous_Cons_mt": 2.55,
    "Boiler_Cons_mt": null,
    "Boiler_Hotel_Load_Cons_mt": null,
    "Boiler_Ballast_Cons_mt": null,
    "Boiler_Tank_Cleaning_Cons_mt": null,
    "Boiler_Cargo_Heating_Cons_mt": null,
    "Boiler_Cargo_Transfer_Cons_mt": null,
    "Boiler_Inerting_Cons_mt": null,
    "Boiler_Miscellaneous_Cons_mt": null,
    "GCU_Cons_mt": null,
    "IGG_Cons_mt": null,
    "Incinerator_Cons_mt": null,
    "Diesel_Power_Pack": null,
    "Others_Cons_mt": null,
    "Pilot_Flame_Cons_mt": null,
    "Calculated_ROB_mt": 883.1,
    "CE_Declared_ROB_mt": 883.1,
    "Adjustment_mt": null,
    "Adjustment_Reason": null,
    "Comment": null,
    "id": 65,
    "report_id": 11
  },
  {
    "Fuel_Type": "MGO",
    "Bunker_Batch": 6,
    "ME_Cons_mt": null,
    "AE_Cons_mt": null,
    "AE_Hotel_Load_Cons_mt": null,
    "AE_Ballast_Cons_mt": null,
    "AE_Tank_Cleaning_Cons_mt": null,
    "AE_Cargo_Heating_Cons_mt": null,
    "AE_Cargo_Transfer_Cons_mt": null,
    "AE_Inerting_Cons_mt": null,
    "AE_Crane_Cons_mt": null,
    "AE_Cooling_Cons_mt": null,
    "AE_Miscellaneous_Cons_mt": null,
    "Boiler_Cons_mt": 2,
    "Boiler_Hotel_Load_Cons_mt": null,
    "Boiler_Ballast_Cons_mt": null,
    "Boiler_Tank_Cleaning_Cons_mt": null,
    "Boiler_Cargo_Heating_Cons_mt": 2,
    "Boiler_Cargo_Transfer_Cons_mt": null,
    "Boiler_Inerting_Cons_mt": null,
    "Boiler_Miscellaneous_Cons_mt": null,
    "GCU_Cons_mt": null,
    "IGG_Cons_mt": null,
    "Incinerator_Cons_mt": 0.1,
    "Diesel_Power_Pack": null,
    "Others_Cons_mt": null,
    "Pilot_Flame_Cons_mt": null,
    "Calculated_ROB_mt": 11.91,
    "CE_Declared_ROB_mt": 11.91,
    "Adjustment_mt": null,
    "Adjustment_Reason": null,
    "Comment": null,
    "id": 66,
    "report_id": 11
  },
  {
    "Fuel_Type": "VLSFO",
    "Bunker_Batch": 1,
    "ME_Cons_mt": 0,
    "AE_Cons_mt": null,
    "AE_Hotel_Load_Cons_mt": null,
    "AE_Ballast_Cons_mt": null,
    "AE_Tank_Cleaning_Cons_mt": null,
    "AE_Cargo_Heating_Cons_mt": null,
    "AE_Cargo_Transfer_Cons_mt": null,
    "AE_Inerting_Cons_mt": null,
    "AE_Crane_Cons_mt": null,
    "AE_Cooling_Cons_mt": null,
    "AE_Miscellaneous_Cons_mt": null,
    "Boiler_Cons_mt": null,
    "Boiler_Hotel_Load_Cons_mt": null,
    "Boiler_Ballast_Cons_mt": null,
    "Boiler_Tank_Cleaning_Cons_mt": null,
    "Boiler_Cargo_Heating_Cons_mt": null,
    "Boiler_Cargo_Transfer_Cons_mt": null,
    "Boiler_Inerting_Cons_mt": null,
    "Boiler_Miscellaneous_Cons_mt": null,
    "GCU_Cons_mt": null,
    "IGG_Cons_mt": null,
    "Incinerator_Cons_mt": null,
    "Diesel_Power_Pack": null,
    "Others_Cons_mt": null,
    "Pilot_Flame_Cons_mt": null,
    "Calculated_ROB_mt": 10.29,
    "CE_Declared_ROB_mt": 10.29,
    "Adjustment_mt": null,
    "Adjustment_Reason": null,
    "Comment": null,
    "id": 67,
    "report_id": 11
  },
  {
    "Fuel_Type": "MGO",
    "Bunker_Batch": 3,
    "ME_Cons_mt": 0,
    "AE_Cons_mt": null,
    "AE_Hotel_Load_Cons_mt": null,
    "AE_Ballast_Cons_mt": null,
    "AE_Tank_Cleaning_Cons_mt": null,
    "AE_Cargo_Heating_Cons_mt": null,
    "AE_Cargo_Transfer_Cons_mt": null,
    "AE_Inerting_Cons_mt": null,
    "AE_Crane_Cons_mt": null,
    "AE_Cooling_Cons_mt": null,
    "AE_Miscellaneous_Cons_mt": null,
    "Boiler_Cons_mt": null,
    "Boiler_Hotel_Load_Cons_mt": null,
    "Boiler_Ballast_Cons_mt": null,
    "Boiler_Tank_Cleaning_Cons_mt": null,
    "Boiler_Cargo_Heating_Cons_mt": null,
    "Boiler_Cargo_Transfer_Cons_mt": null,
    "Boiler_Inerting_Cons_mt": null,
    "Boiler_Miscellaneous_Cons_mt": null,
    "GCU_Cons_mt": null,
    "IGG_Cons_mt": null,
    "Incinerator_Cons_mt": null,
    "Diesel_Power_Pack": null,
    "Others_Cons_mt": null,
    "Pilot_Flame_Cons_mt": null,
    "Calculated_ROB_mt": 99.98,
    "CE_Declared_ROB_mt": 99.98,
    "Adjustment_mt": null,
    "Adjustment_Reason": null,
    "Comment": null,
    "id": 68,
    "report_id": 11
  },
  {
    "Fuel_Type": "MGO",
    "Bunker_Batch": 4,
    "ME_Cons_mt": 0,
    "AE_Cons_mt": null,
    "AE_Hotel_Load_Cons_mt": null,
    "AE_Ballast_Cons_mt": null,
    "AE_Tank_Cleaning_Cons_mt": null,
    "AE_Cargo_Heating_Cons_mt": null,
    "AE_Cargo_Transfer_Cons_mt": null,
    "AE_Inerting_Cons_mt": null,
    "AE_Crane_Cons_mt": null,
    "AE_Cooling_Cons_mt": null,
    "AE_Miscellaneous_Cons_mt": null,
    "Boiler_Cons_mt": null,
    "Boiler_Hotel_Load_Cons_mt": null,
    "Boiler_Ballast_Cons_mt": null,
    "Boiler_Tank_Cleaning_Cons_mt": null,
    "Boiler_Cargo_Heating_Cons_mt": null,
    "Boiler_Cargo_Transfer_Cons_mt": null,
    "Boiler_Inerting_Cons_mt": null,
    "Boiler_Miscellaneous_Cons_mt": null,
    "GCU_Cons_mt": null,
    "IGG_Cons_mt": null,
    "Incinerator_Cons_mt": null,
    "Diesel_Power_Pack": null,
    "Others_Cons_mt": null,
    "Pilot_Flame_Cons_mt": null,
    "Calculated_ROB_mt": 98.31,
    "CE_Declared_ROB_mt": 98.31,
    "Adjustment_mt": null,
    "Adjustment_Reason": null,
    "Comment": null,
    "id": 69,
    "report_id": 11
  },
  {
    "Fuel_Type": "HSFO",
    "Bunker_Batch": 5,
    "ME_Cons_mt": 17.58,
    "AE_Cons_mt": 3.38,
    "AE_Hotel_Load_Cons_mt": null,
    "AE_Ballast_Cons_mt": null,
    "AE_Tank_Cleaning_Cons_mt": null,
    "AE_Cargo_Heating_Cons_mt": 0.83,
    "AE_Cargo_Transfer_Cons_mt": null,
    "AE_Inerting_Cons_mt": null,
    "AE_Crane_Cons_mt": null,
    "AE_Cooling_Cons_mt": null,
    "AE_Miscellaneous_Cons_mt": 2.55,
    "Boiler_Cons_mt": null,
    "Boiler_Hotel_Load_Cons_mt": null,
    "Boiler_Ballast_Cons_mt": null,
    "Boiler_Tank_Cleaning_Cons_mt": null,
    "Boiler_Cargo_Heating_Cons_mt": null,
    "Boiler_Cargo_Transfer_Cons_mt": null,
    "Boiler_Inerting_Cons_mt": null,
    "Boiler_Miscellaneous_Cons_mt": null,
    "GCU_Cons_mt": null,
    "IGG_Cons_mt": null,
    "Incinerator_Cons_mt": null,
    "Diesel_Power_Pack": null,
    "Others_Cons_mt": null,
    "Pilot_Flame_Cons_mt": null,
    "Calculated_ROB_mt": 883.1,
    "CE_Declared_ROB_mt": 883.1,
    "Adjustment_mt": null,
    "Adjustment_Reason": null,
    "Comment": null,
    "id": 70,
    "report_id": 11
  },
  {
    "Fuel_Type": "MGO",
    "Bunker_Batch": 6,
    "ME_Cons_mt": null,
    "AE_Cons_mt": null,
    "AE_Hotel_Load_Cons_mt": null,
    "AE_Ballast_Cons_mt": null,
    "AE_Tank_Cleaning_Cons_mt": null,
    "AE_Cargo_Heating_Cons_mt": null,
    "AE_Cargo_Transfer_Cons_mt": null,
    "AE_Inerting_Cons_mt": null,
    "AE_Crane_Cons_mt": null,
    "AE_Cooling_Cons_mt": null,
    "AE_Miscellaneous_Cons_mt": null,
    "Boiler_Cons_mt": 2,
    "Boiler_Hotel_Load_Cons_mt": null,
    "Boiler_Ballast_Cons_mt": null,
    "Boiler_Tank_Cleaning_Cons_mt": null,
    "Boiler_Cargo_Heating_Cons_mt": 2,
    "Boiler_Cargo_Transfer_Cons_mt": null,
    "Boiler_Inerting_Cons_mt": null,
    "Boiler_Miscellaneous_Cons_mt": null,
    "GCU_Cons_mt": null,
    "IGG_Cons_mt": null,
    "Incinerator_Cons_mt": 0.1,
    "Diesel_Power_Pack": null,
    "Others_Cons_mt": null,
    "Pilot_Flame_Cons_mt": null,
    "Calculated_ROB_mt": 11.91,
    "CE_Declared_ROB_mt": 11.91,
    "Adjustment_mt": null,
    "Adjustment_Reason": null,
    "Comment": null,
    "id": 71,
    "report_id": 11
  },
  {
    "Fuel_Type": "VLSFO",
    "Bunker_Batch": 1,
    "ME_Cons_mt": 0,
    "AE_Cons_mt": null,
    "AE_Hotel_Load_Cons_mt": null,
    "AE_Ballast_Cons_mt": null,
    "AE_Tank_Cleaning_Cons_mt": null,
    "AE_Cargo_Heating_Cons_mt": null,
    "AE_Cargo_Transfer_Cons_mt": null,
    "AE_Inerting_Cons_mt": null,
    "AE_Crane_Cons_mt": null,
    "AE_Cooling_Cons_mt": null,
    "AE_Miscellaneous_Cons_mt": null,
    "Boiler_Cons_mt": null,
    "Boiler_Hotel_Load_Cons_mt": null,
    "Boiler_Ballast_Cons_mt": null,
    "Boiler_Tank_Cleaning_Cons_mt": null,
    "Boiler_Cargo_Heating_Cons_mt": null,
    "Boiler_Cargo_Transfer_Cons_mt": null,
    "Boiler_Inerting_Cons_mt": null,
    "Boiler_Miscellaneous_Cons_mt": null,
    "GCU_Cons_mt": null,
    "IGG_Cons_mt": null,
    "Incinerator_Cons_mt": null,
    "Diesel_Power_Pack": null,
    "Others_Cons_mt": null,
    "Pilot_Flame_Cons_mt": null,
    "Calculated_ROB_mt": 10.29,
    "CE_Declared_ROB_mt": 10.29,
    "Adjustment_mt": null,
    "Adjustment_Reason": null,
    "Comment": null,
    "id": 72,
    "report_id": 12
  },
  {
    "Fuel_Type": "MGO",
    "Bunker_Batch": 3,
    "ME_Cons_mt": 0,
    "AE_Cons_mt": null,
    "AE_Hotel_Load_Cons_mt": null,
    "AE_Ballast_Cons_mt": null,
    "AE_Tank_Cleaning_Cons_mt": null,
    "AE_Cargo_Heating_Cons_mt": null,
    "AE_Cargo_Transfer_Cons_mt": null,
    "AE_Inerting_Cons_mt": null,
    "AE_Crane_Cons_mt": null,
    "AE_Cooling_Cons_mt": null,
    "AE_Miscellaneous_Cons_mt": null,
    "Boiler_Cons_mt": null,
    "Boiler_Hotel_Load_Cons_mt": null,
    "Boiler_Ballast_Cons_mt": null,
    "Boiler_Tank_Cleaning_Cons_mt": null,
    "Boiler_Cargo_Heating_Cons_mt": null,
    "Boiler_Cargo_Transfer_Cons_mt": null,
    "Boiler_Inerting_Cons_mt": null,
    "Boiler_Miscellaneous_Cons_mt": null,
    "GCU_Cons_mt": null,
    "IGG_Cons_mt": null,
    "Incinerator_Cons_mt": null,
    "Diesel_Power_Pack": null,
    "Others_Cons_mt": null,
    "Pilot_Flame_Cons_mt": null,
    "Calculated_ROB_mt": 99.98,
    "CE_Declared_ROB_mt": 99.98,
    "Adjustment_mt": null,
    "Adjustment_Reason": null,
    "Comment": null,
    "id": 73,
    "report_id": 12
  },
  {
    "Fuel_Type": "MGO",
    "Bunker_Batch": 4,
    "ME_Cons_mt": null,
    "AE_Cons_mt": null,
    "AE_Hotel_Load_Cons_mt": null,
    "AE_Ballast_Cons_mt": null,
    "AE_Tank_Cleaning_Cons_mt": null,
    "AE_Cargo_Heating_Cons_mt": null,
    "AE_Cargo_Transfer_Cons_mt": null,
    "AE_Inerting_Cons_mt": null,
    "AE_Crane_Cons_mt": null,
    "AE_Cooling_Cons_mt": null,
    "AE_Miscellaneous_Cons_mt": null,
    "Boiler_Cons_mt": null,
    "Boiler_Hotel_Load_Cons_mt": null,
    "Boiler_Ballast_Cons_mt": null,
    "Boiler_Tank_Cleaning_Cons_mt": null,
    "Boiler_Cargo_Heating_Cons_mt": null,
    "Boiler_Cargo_Transfer_Cons_mt": null,
    "Boiler_Inerting_Cons_mt": null,
    "Boiler_Miscellaneous_Cons_mt": null,
    "GCU_Cons_mt": null,
    "IGG_Cons_mt": null,
    "Incinerator_Cons_mt": null,
    "Diesel_Power_Pack": null,
    "Others_Cons_mt": null,
    "Pilot_Flame_Cons_mt": null,
    "Calculated_ROB_mt": 98.31,
    "CE_Declared_ROB_mt": 98.31,
    "Adjustment_mt": null,
    "Adjustment_Reason": null,
    "Comment": null,
    "id": 74,
    "report_id": 12
  },
  {
    "Fuel_Type": "HSFO",
    "Bunker_Batch": 5,
    "ME_Cons_mt": 17.6,
    "AE_Cons_mt": 3.85,
    "AE_Hotel_Load_Cons_mt": null,
    "AE_Ballast_Cons_mt": null,
    "AE_Tank_Cleaning_Cons_mt": null,
    "AE_Cargo_Heating_Cons_mt": 1.25,
    "AE_Cargo_Transfer_Cons_mt": null,
    "AE_Inerting_Cons_mt": null,
    "AE_Crane_Cons_mt": null,
    "AE_Cooling_Cons_mt": null,
    "AE_Miscellaneous_Cons_mt": 2.6,
    "Boiler_Cons_mt": null,
    "Boiler_Hotel_Load_Cons_mt": null,
    "Boiler_Ballast_Cons_mt": null,
    "Boiler_Tank_Cleaning_Cons_mt": null,
    "Boiler_Cargo_Heating_Cons_mt": null,
    "Boiler_Cargo_Transfer_Cons_mt": null,
    "Boiler_Inerting_Cons_mt": null,
    "Boiler_Miscellaneous_Cons_mt": null,
    "GCU_Cons_mt": null,
    "IGG_Cons_mt": null,
    "Incinerator_Cons_mt": null,
    "Diesel_Power_Pack": null,
    "Others_Cons_mt": null,
    "Pilot_Flame_Cons_mt": null,
    "Calculated_ROB_mt": 861.65,
    "CE_Declared_ROB_mt": 861.65,
    "Adjustment_mt": null,
    "Adjustment_Reason": null,
    "Comment": null,
    "id": 75,
    "report_id": 12
  },
  {
    "Fuel_Type": "MGO",
    "Bunker_Batch": 6,
    "ME_Cons_mt": null,
    "AE_Cons_mt": null,
    "AE_Hotel_Load_Cons_mt": null,
    "AE_Ballast_Cons_mt": null,
    "AE_Tank_Cleaning_Cons_mt": null,
    "AE_Cargo_Heating_Cons_mt": null,
    "AE_Cargo_Transfer_Cons_mt": null,
    "AE_Inerting_Cons_mt": null,
    "AE_Crane_Cons_mt": null,
    "AE_Cooling_Cons_mt": null,
    "AE_Miscellaneous_Cons_mt": null,
    "Boiler_Cons_mt": 4.12,
    "Boiler_Hotel_Load_Cons_mt": null,
    "Boiler_Ballast_Cons_mt": null,
    "Boiler_Tank_Cleaning_Cons_mt": null,
    "Boiler_Cargo_Heating_Cons_mt": 4.12,
    "Boiler_Cargo_Transfer_Cons_mt": null,
    "Boiler_Inerting_Cons_mt": null,
    "Boiler_Miscellaneous_Cons_mt": null,
    "GCU_Cons_mt": null,
    "IGG_Cons_mt": null,
    "Incinerator_Cons_mt": null,
    "Diesel_Power_Pack": null,
    "Others_Cons_mt": null,
    "Pilot_Flame_Cons_mt": null,
    "Calculated_ROB_mt": 7.79,
    "CE_Declared_ROB_mt": 7.79,
    "Adjustment_mt": null,
    "Adjustment_Reason": null,
    "Comment": null,
    "id": 76,
    "report_id": 12
  },
  {
    "Fuel_Type": "VLSFO",
    "Bunker_Batch": 1,
    "ME_Cons_mt": 0,
    "AE_Cons_mt": null,
    "AE_Hotel_Load_Cons_mt": null,
    "AE_Ballast_Cons_mt": null,
    "AE_Tank_Cleaning_Cons_mt": null,
    "AE_Cargo_Heating_Cons_mt": null,
    "AE_Cargo_Transfer_Cons_mt": null,
    "AE_Inerting_Cons_mt": null,
    "AE_Crane_Cons_mt": null,
    "AE_Cooling_Cons_mt": null,
    "AE_Miscellaneous_Cons_mt": null,
    "Boiler_Cons_mt": null,
    "Boiler_Hotel_Load_Cons_mt": null,
    "Boiler_Ballast_Cons_mt": null,
    "Boiler_Tank_Cleaning_Cons_mt": null,
    "Boiler_Cargo_Heating_Cons_mt": null,
    "Boiler_Cargo_Transfer_Cons_mt": null,
    "Boiler_Inerting_Cons_mt": null,
    "Boiler_Miscellaneous_Cons_mt": null,
    "GCU_Cons_mt": null,
    "IGG_Cons_mt": null,
    "Incinerator_Cons_mt": null,
    "Diesel_Power_Pack": null,
    "Others_Cons_mt": null,
    "Pilot_Flame_Cons_mt": null,
    "Calculated_ROB_mt": 10.29,
    "CE_Declared_ROB_mt": 10.29,
    "Adjustment_mt": null,
    "Adjustment_Reason": null,
    "Comment": null,
    "id": 77,
    "report_id": 13
  },
  {
    "Fuel_Type": "MGO",
    "Bunker_Batch": 3,
    "ME_Cons_mt": 0,
    "AE_Cons_mt": null,
    "AE_Hotel_Load_Cons_mt": null,
    "AE_Ballast_Cons_mt": null,
    "AE_Tank_Cleaning_Cons_mt": null,
    "AE_Cargo_Heating_Cons_mt": null,
    "AE_Cargo_Transfer_Cons_mt": null,
    "AE_Inerting_Cons_mt": null,
    "AE_Crane_Cons_mt": null,
    "AE_Cooling_Cons_mt": null,
    "AE_Miscellaneous_Cons_mt": null,
    "Boiler_Cons_mt": null,
    "Boiler_Hotel_Load_Cons_mt": null,
    "Boiler_Ballast_Cons_mt": null,
    "Boiler_Tank_Cleaning_Cons_mt": null,
    "Boiler_Cargo_Heating_Cons_mt": null,
    "Boiler_Cargo_Transfer_Cons_mt": null,
    "Boiler_Inerting_Cons_mt": null,
    "Boiler_Miscellaneous_Cons_mt": null,
    "GCU_Cons_mt": null,
    "IGG_Cons_mt": null,
    "Incinerator_Cons_mt": null,
    "Diesel_Power_Pack": null,
    "Others_Cons_mt": null,
    "Pilot_Flame_Cons_mt": null,
    "Calculated_ROB_mt": 99.98,
    "CE_Declared_ROB_mt": 99.98,
    "Adjustment_mt": null,
    "Adjustment_Reason": null,
    "Comment": null,
    "id": 78,
    "report_id": 13
  },
  {
    "Fuel_Type": "MGO",
    "Bunker_Batch": 4,
    "ME_Cons_mt": 0,
    "AE_Cons_mt": null,
    "AE_Hotel_Load_Cons_mt": null,
    "AE_Ballast_Cons_mt": null,
    "AE_Tank_Cleaning_Cons_mt": null,
    "AE_Cargo_Heating_Cons_mt": null,
    "AE_Cargo_Transfer_Cons_mt": null,
    "AE_Inerting_Cons_mt": null,
    "AE_Crane_Cons_mt": null,
    "AE_Cooling_Cons_mt": null,
    "AE_Miscellaneous_Cons_mt": null,
    "Boiler_Cons_mt": null,
    "Boiler_Hotel_Load_Cons_mt": null,
    "Boiler_Ballast_Cons_mt": null,
    "Boiler_Tank_Cleaning_Cons_mt": null,
    "Boiler_Cargo_Heating_Cons_mt": null,
    "Boiler_Cargo_Transfer_Cons_mt": null,
    "Boiler_Inerting_Cons_mt": null,
    "Boiler_Miscellaneous_Cons_mt": null,
    "GCU_Cons_mt": null,
    "IGG_Cons_mt": null,
    "Incinerator_Cons_mt": null,
    "Diesel_Power_Pack": null,
    "Others_Cons_mt": null,
    "Pilot_Flame_Cons_mt": null,
    "Calculated_ROB_mt": 98.31,
    "CE_Declared_ROB_mt": 98.31,
    "Adjustment_mt": null,
    "Adjustment_Reason": null,
    "Comment": null,
    "id": 79,
    "report_id": 13
  },
  {
    "Fuel_Type": "HSFO",
    "Bunker_Batch": 5,
    "ME_Cons_mt": 16.96,
    "AE_Cons_mt": 3.9000000000000004,
    "AE_Hotel_Load_Cons_mt": null,
    "AE_Ballast_Cons_mt": null,
    "AE_Tank_Cleaning_Cons_mt": null,
    "AE_Cargo_Heating_Cons_mt": 1.3,
    "AE_Cargo_Transfer_Cons_mt": null,
    "AE_Inerting_Cons_mt": null,
    "AE_Crane_Cons_mt": null,
    "AE_Cooling_Cons_mt": null,
    "AE_Miscellaneous_Cons_mt": 2.6,
    "Boiler_Cons_mt": null,
    "Boiler_Hotel_Load_Cons_mt": null,
    "Boiler_Ballast_Cons_mt": null,
    "Boiler_Tank_Cleaning_Cons_mt": null,
    "Boiler_Cargo_Heating_Cons_mt": null,
    "Boiler_Cargo_Transfer_Cons_mt": null,
    "Boiler_Inerting_Cons_mt": null,
    "Boiler_Miscellaneous_Cons_mt": null,
    "GCU_Cons_mt": null,
    "IGG_Cons_mt": null,
    "Incinerator_Cons_mt": null,
    "Diesel_Power_Pack": null,
    "Others_Cons_mt": null,
    "Pilot_Flame_Cons_mt": null,
    "Calculated_ROB_mt": 840.79,
    "CE_Declared_ROB_mt": 840.79,
    "Adjustment_mt": null,
    "Adjustment_Reason": null,
    "Comment": null,
    "id": 80,
    "report_id": 13
  },
  {
    "Fuel_Type": "MGO",
    "Bunker_Batch": 6,
    "ME_Cons_mt": null,
    "AE_Cons_mt": null,
    "AE_Hotel_Load_Cons_mt": null,
    "AE_Ballast_Cons_mt": null,
    "AE_Tank_Cleaning_Cons_mt": null,
    "AE_Cargo_Heating_Cons_mt": null,
    "AE_Cargo_Transfer_Cons_mt": null,
    "AE_Inerting_Cons_mt": null,
    "AE_Crane_Cons_mt": null,
    "AE_Cooling_Cons_mt": null,
    "AE_Miscellaneous_Cons_mt": null,
    "Boiler_Cons_mt": 4.2,
    "Boiler_Hotel_Load_Cons_mt": null,
    "Boiler_Ballast_Cons_mt": null,
    "Boiler_Tank_Cleaning_Cons_mt": null,
    "Boiler_Cargo_Heating_Cons_mt": 4.2,
    "Boiler_Cargo_Transfer_Cons_mt": null,
    "Boiler_Inerting_Cons_mt": null,
    "Boiler_Miscellaneous_Cons_mt": null,
    "GCU_Cons_mt": null,
    "IGG_Cons_mt": null,
    "Incinerator_Cons_mt": 0.1,
    "Diesel_Power_Pack": null,
    "Others_Cons_mt": null,
    "Pilot_Flame_Cons_mt": null,
    "Calculated_ROB_mt": 3.49,
    "CE_Declared_ROB_mt": 3.49,
    "Adjustment_mt": null,
    "Adjustment_Reason": null,
    "Comment": null,
    "id": 81,
    "report_id": 13
  }
]