[
  {
    "Bunker": "RMG",
    "Bunker_Type": "VLSFO",
    "Sulphur_Percentage": 0.483,
    "Bunker_LCV": 41,
    "Viscosity_CST": 62,
    "Bio_Mass_Percentage": null,
    "Emission_Intensity": null,
    "Carbon_Conversion_Factor": null,
    "Bunker_Date": "2024-05-28T00:00:00.000Z",
    "BDN_Quantity_mt": 10.29,
    "Received_Quantity_mt": 10.29,
    "Supplier": "MONJASA ",
    "LOP": null,
    "Port_Name": "WALVIS BAY",
    "id": 1,
    "report_id": 1
  },
  {
    "Bunker": "RMG",
    "Bunker_Type": "HSFO",
    "Sulphur_Percentage": 3.13,
    "Bunker_LCV": 40,
    "Viscosity_CST": 363,
    "Bio_Mass_Percentage": null,
    "Emission_Intensity": null,
    "Carbon_Conversion_Factor": null,
    "Bunker_Date": "2024-06-22T00:00:00.000Z",
    "BDN_Quantity_mt": 76.96,
    "Received_Quantity_mt": 76.96,
    "Supplier": "PETROCHINA",
    "LOP": null,
    "Port_Name": "Singapore",
    "id": 2,
    "report_id": 1
  },
  {
    "Bunker": "DMA",
    "Bunker_Type": "MGO",
    "Sulphur_Percentage": 0.077,
    "Bunker_LCV": 42,
    "Viscosity_CST": 3,
    "Bio_Mass_Percentage": null,
    "Emission_Intensity": null,
    "Carbon_Conversion_Factor": null,
    "Bunker_Date": "2024-06-24T00:00:00.000Z",
    "BDN_Quantity_mt": 99.98,
    "Received_Quantity_mt": 99.98,
    "Supplier": "SIRIUS MARINE",
    "LOP": null,
    "Port_Name": "Singapore",
    "id": 3,
    "report_id": 1
  },
  {
    "Bunker": "DMA",
    "Bunker_Type": "MGO",
    "Sulphur_Percentage": 0.08,
    "Bunker_LCV": 42,
    "Viscosity_CST": 4,
    "Bio_Mass_Percentage": null,
    "Emission_Intensity": null,
    "Carbon_Conversion_Factor": null,
    "Bunker_Date": "2024-08-12T00:00:00.000Z",
    "BDN_Quantity_mt": 98.31,
    "Received_Quantity_mt": 98.31,
    "Supplier": "Equatorial Marine",
    "LOP": null,
    "Port_Name": "Singapore",
    "id": 4,
    "report_id": 1
  },
  {
    "Bunker": "RMG",
    "Bunker_Type": "HSFO",
    "Sulphur_Percentage": 3.15,
    "Bunker_LCV": 40,
    "Viscosity_CST": 299,
    "Bio_Mass_Percentage": null,
    "Emission_Intensity": null,
    "Carbon_Conversion_Factor": null,
    "Bunker_Date": "2024-08-12T00:00:00.000Z",
    "BDN_Quantity_mt": 998.25,
    "Received_Quantity_mt": 998.25,
    "Supplier": "PETROCHINA ",
    "LOP": null,
    "Port_Name": "SINGAPORE",
    "id": 5,
    "report_id": 1
  },
  {
    "Bunker": "DMA",
    "Bunker_Type": "MGO",
    "Sulphur_Percentage": 0.085,
    "Bunker_LCV": 42,
    "Viscosity_CST": 4,
    "Bio_Mass_Percentage": null,
    "Emission_Intensity": null,
    "Carbon_Conversion_Factor": null,
    "Bunker_Date": "2024-04-04T00:00:00.000Z",
    "BDN_Quantity_mt": 29.54,
    "Received_Quantity_mt": 29.54,
    "Supplier": "NORTHSTAR",
    "LOP": null,
    "Port_Name": "GHENT",
    "id": 6,
    "report_id": 1
  }
]