[
  {
    "Fuel_Type": "VLSFO",
    "Bunker_Batch": 1,
    "ME_Cons_mt": null,
    "AE_Cons_mt": 0,
    "AE_Hotel_Load_Cons_mt": null,
    "AE_Ballast_Cons_mt": null,
    "AE_Tank_Cleaning_Cons_mt": null,
    "AE_Cargo_Heating_Cons_mt": null,
    "AE_Cargo_Transfer_Cons_mt": null,
    "AE_Inerting_Cons_mt": null,
    "AE_Crane_Cons_mt": null,
    "AE_Cooling_Cons_mt": null,
    "AE_Miscellaneous_Cons_mt": null,
    "Boiler_Cons_mt": null,
    "Boiler_Hotel_Load_Cons_mt": null,
    "Boiler_Ballast_Cons_mt": null,
    "Boiler_Tank_Cleaning_Cons_mt": null,
    "Boiler_Cargo_Heating_Cons_mt": null,
    "Boiler_Cargo_Transfer_Cons_mt": null,
    "Boiler_Inerting_Cons_mt": null,
    "Boiler_Miscellaneous_Cons_mt": null,
    "GCU_Cons_mt": null,
    "IGG_Cons_mt": null,
    "Incinerator_Cons_mt": null,
    "Diesel_Power_Pack": null,
    "Others_Cons_mt": null,
    "Pilot_Flame_Cons_mt": null,
    "Calculated_ROB_mt": 380,
    "CE_Declared_ROB_mt": 10.29,
    "Adjustment_mt": null,
    "Adjustment_Reason": "Other",
    "Comment": "",
    "id": 1,
    "report_id": 1
  },
  {
    "Fuel_Type": "HSFO",
    "Bunker_Batch": 2,
    "ME_Cons_mt": null,
    "AE_Cons_mt": null,
    "AE_Hotel_Load_Cons_mt": null,
    "AE_Ballast_Cons_mt": null,
    "AE_Tank_Cleaning_Cons_mt": null,
    "AE_Cargo_Heating_Cons_mt": null,
    "AE_Cargo_Transfer_Cons_mt": null,
    "AE_Inerting_Cons_mt": null,
    "AE_Crane_Cons_mt": null,
    "AE_Cooling_Cons_mt": null,
    "AE_Miscellaneous_Cons_mt": null,
    "Boiler_Cons_mt": null,
    "Boiler_Hotel_Load_Cons_mt": null,
    "Boiler_Ballast_Cons_mt": null,
    "Boiler_Tank_Cleaning_Cons_mt": null,
    "Boiler_Cargo_Heating_Cons_mt": null,
    "Boiler_Cargo_Transfer_Cons_mt": null,
    "Boiler_Inerting_Cons_mt": null,
    "Boiler_Miscellaneous_Cons_mt": null,
    "GCU_Cons_mt": null,
    "IGG_Cons_mt": null,
    "Incinerator_Cons_mt": null,
    "Diesel_Power_Pack": null,
    "Others_Cons_mt": null,
    "Pilot_Flame_Cons_mt": null,
    "Calculated_ROB_mt": 598.13,
    "CE_Declared_ROB_mt": 76.96,
    "Adjustment_mt": 0,
    "Adjustment_Reason": "Other",
    "Comment": null,
    "id": 2,
    "report_id": 1
  },
  {
    "Fuel_Type": "HSFO",
    "Bunker_Batch": 5,
    "ME_Cons_mt": null,
    "AE_Cons_mt": null,
    "AE_Hotel_Load_Cons_mt": null,
    "AE_Ballast_Cons_mt": null,
    "AE_Tank_Cleaning_Cons_mt": null,
    "AE_Cargo_Heating_Cons_mt": null,
    "AE_Cargo_Transfer_Cons_mt": null,
    "AE_Inerting_Cons_mt": null,
    "AE_Crane_Cons_mt": null,
    "AE_Cooling_Cons_mt": null,
    "AE_Miscellaneous_Cons_mt": null,
    "Boiler_Cons_mt": 0,
    "Boiler_Hotel_Load_Cons_mt": null,
    "Boiler_Ballast_Cons_mt": null,
    "Boiler_Tank_Cleaning_Cons_mt": null,
    "Boiler_Cargo_Heating_Cons_mt": null,
    "Boiler_Cargo_Transfer_Cons_mt": null,
    "Boiler_Inerting_Cons_mt": null,
    "Boiler_Miscellaneous_Cons_mt": null,
    "GCU_Cons_mt": null,
    "IGG_Cons_mt": null,
    "Incinerator_Cons_mt": null,
    "Diesel_Power_Pack": null,
    "Others_Cons_mt": null,
    "Pilot_Flame_Cons_mt": null,
    "Calculated_ROB_mt": 998.25,
    "CE_Declared_ROB_mt": 998.25,
    "Adjustment_mt": 0,
    "Adjustment_Reason": null,
    "Comment": null,
    "id": 3,
    "report_id": 1
  },
  {
    "Fuel_Type": "MGO",
    "Bunker_Batch": 4,
    "ME_Cons_mt": null,
    "AE_Cons_mt": 0,
    "AE_Hotel_Load_Cons_mt": null,
    "AE_Ballast_Cons_mt": null,
    "AE_Tank_Cleaning_Cons_mt": null,
    "AE_Cargo_Heating_Cons_mt": null,
    "AE_Cargo_Transfer_Cons_mt": null,
    "AE_Inerting_Cons_mt": null,
    "AE_Crane_Cons_mt": null,
    "AE_Cooling_Cons_mt": null,
    "AE_Miscellaneous_Cons_mt": null,
    "Boiler_Cons_mt": 0,
    "Boiler_Hotel_Load_Cons_mt": null,
    "Boiler_Ballast_Cons_mt": null,
    "Boiler_Tank_Cleaning_Cons_mt": null,
    "Boiler_Cargo_Heating_Cons_mt": null,
    "Boiler_Cargo_Transfer_Cons_mt": null,
    "Boiler_Inerting_Cons_mt": null,
    "Boiler_Miscellaneous_Cons_mt": null,
    "GCU_Cons_mt": null,
    "IGG_Cons_mt": null,
    "Incinerator_Cons_mt": null,
    "Diesel_Power_Pack": null,
    "Others_Cons_mt": null,
    "Pilot_Flame_Cons_mt": null,
    "Calculated_ROB_mt": 98.31,
    "CE_Declared_ROB_mt": 98.31,
    "Adjustment_mt": null,
    "Adjustment_Reason": null,
    "Comment": null,
    "id": 4,
    "report_id": 1
  },
  {
    "Fuel_Type": "MGO",
    "Bunker_Batch": 3,
    "ME_Cons_mt": null,
    "AE_Cons_mt": 0,
    "AE_Hotel_Load_Cons_mt": null,
    "AE_Ballast_Cons_mt": null,
    "AE_Tank_Cleaning_Cons_mt": null,
    "AE_Cargo_Heating_Cons_mt": null,
    "AE_Cargo_Transfer_Cons_mt": null,
    "AE_Inerting_Cons_mt": null,
    "AE_Crane_Cons_mt": null,
    "AE_Cooling_Cons_mt": null,
    "AE_Miscellaneous_Cons_mt": null,
    "Boiler_Cons_mt": 0,
    "Boiler_Hotel_Load_Cons_mt": null,
    "Boiler_Ballast_Cons_mt": null,
    "Boiler_Tank_Cleaning_Cons_mt": null,
    "Boiler_Cargo_Heating_Cons_mt": null,
    "Boiler_Cargo_Transfer_Cons_mt": null,
    "Boiler_Inerting_Cons_mt": null,
    "Boiler_Miscellaneous_Cons_mt": null,
    "GCU_Cons_mt": null,
    "IGG_Cons_mt": null,
    "Incinerator_Cons_mt": null,
    "Diesel_Power_Pack": null,
    "Others_Cons_mt": null,
    "Pilot_Flame_Cons_mt": null,
    "Calculated_ROB_mt": 99.98,
    "CE_Declared_ROB_mt": 99.98,
    "Adjustment_mt": null,
    "Adjustment_Reason": null,
    "Comment": null,
    "id": 5,
    "report_id": 1
  },
  {
    "Fuel_Type": "HSFO",
    "Bunker_Batch": 1,
    "ME_Cons_mt": null,
    "AE_Cons_mt": null,
    "AE_Hotel_Load_Cons_mt": null,
    "AE_Ballast_Cons_mt": null,
    "AE_Tank_Cleaning_Cons_mt": null,
    "AE_Cargo_Heating_Cons_mt": null,
    "AE_Cargo_Transfer_Cons_mt": null,
    "AE_Inerting_Cons_mt": null,
    "AE_Crane_Cons_mt": null,
    "AE_Cooling_Cons_mt": null,
    "AE_Miscellaneous_Cons_mt": null,
    "Boiler_Cons_mt": null,
    "Boiler_Hotel_Load_Cons_mt": null,
    "Boiler_Ballast_Cons_mt": null,
    "Boiler_Tank_Cleaning_Cons_mt": null,
    "Boiler_Cargo_Heating_Cons_mt": null,
    "Boiler_Cargo_Transfer_Cons_mt": null,
    "Boiler_Inerting_Cons_mt": null,
    "Boiler_Miscellaneous_Cons_mt": null,
    "GCU_Cons_mt": null,
    "IGG_Cons_mt": null,
    "Incinerator_Cons_mt": null,
    "Diesel_Power_Pack": null,
    "Others_Cons_mt": null,
    "Pilot_Flame_Cons_mt": null,
    "Calculated_ROB_mt": 59813,
    "CE_Declared_ROB_mt": 12521,
    "Adjustment_mt": null,
    "Adjustment_Reason": null,
    "Comment": null,
    "id": 6,
    "report_id": 6
  },
  {
    "Fuel_Type": "VLSFO",
    "Bunker_Batch": 1,
    "ME_Cons_mt": 0,
    "AE_Cons_mt": null,
    "AE_Hotel_Load_Cons_mt": null,
    "AE_Ballast_Cons_mt": null,
    "AE_Tank_Cleaning_Cons_mt": null,
    "AE_Cargo_Heating_Cons_mt": null,
    "AE_Cargo_Transfer_Cons_mt": null,
    "AE_Inerting_Cons_mt": null,
    "AE_Crane_Cons_mt": null,
    "AE_Cooling_Cons_mt": null,
    "AE_Miscellaneous_Cons_mt": null,
    "Boiler_Cons_mt": null,
    "Boiler_Hotel_Load_Cons_mt": null,
    "Boiler_Ballast_Cons_mt": null,
    "Boiler_Tank_Cleaning_Cons_mt": null,
    "Boiler_Cargo_Heating_Cons_mt": null,
    "Boiler_Cargo_Transfer_Cons_mt": null,
    "Boiler_Inerting_Cons_mt": null,
    "Boiler_Miscellaneous_Cons_mt": null,
    "GCU_Cons_mt": null,
    "IGG_Cons_mt": null,
    "Incinerator_Cons_mt": null,
    "Diesel_Power_Pack": null,
    "Others_Cons_mt": null,
    "Pilot_Flame_Cons_mt": null,
    "Calculated_ROB_mt": 10.29,
    "CE_Declared_ROB_mt": 10.29,
    "Adjustment_mt": null,
    "Adjustment_Reason": null,
    "Comment": null,
    "id": 7,
    "report_id": 2
  },
  {
    "Fuel_Type": "HSFO",
    "Bunker_Batch": 2,
    "ME_Cons_mt": 5.6,
    "AE_Cons_mt": 1.11,
    "AE_Hotel_Load_Cons_mt": null,
    "AE_Ballast_Cons_mt": null,
    "AE_Tank_Cleaning_Cons_mt": null,
    "AE_Cargo_Heating_Cons_mt": null,
    "AE_Cargo_Transfer_Cons_mt": null,
    "AE_Inerting_Cons_mt": null,
    "AE_Crane_Cons_mt": null,
    "AE_Cooling_Cons_mt": null,
    "AE_Miscellaneous_Cons_mt": 1.11,
    "Boiler_Cons_mt": null,
    "Boiler_Hotel_Load_Cons_mt": null,
    "Boiler_Ballast_Cons_mt": null,
    "Boiler_Tank_Cleaning_Cons_mt": null,
    "Boiler_Cargo_Heating_Cons_mt": null,
    "Boiler_Cargo_Transfer_Cons_mt": null,
    "Boiler_Inerting_Cons_mt": null,
    "Boiler_Miscellaneous_Cons_mt": null,
    "GCU_Cons_mt": null,
    "IGG_Cons_mt": null,
    "Incinerator_Cons_mt": null,
    "Diesel_Power_Pack": null,
    "Others_Cons_mt": null,
    "Pilot_Flame_Cons_mt": null,
    "Calculated_ROB_mt": 70.25,
    "CE_Declared_ROB_mt": 70.25,
    "Adjustment_mt": null,
    "Adjustment_Reason": null,
    "Comment": null,
    "id": 8,
    "report_id": 2
  },
  {
    "Fuel_Type": "MGO",
    "Bunker_Batch": 6,
    "ME_Cons_mt": null,
    "AE_Cons_mt": 0,
    "AE_Hotel_Load_Cons_mt": null,
    "AE_Ballast_Cons_mt": null,
    "AE_Tank_Cleaning_Cons_mt": null,
    "AE_Cargo_Heating_Cons_mt": null,
    "AE_Cargo_Transfer_Cons_mt": null,
    "AE_Inerting_Cons_mt": null,
    "AE_Crane_Cons_mt": null,
    "AE_Cooling_Cons_mt": null,
    "AE_Miscellaneous_Cons_mt": null,
    "Boiler_Cons_mt": 0,
    "Boiler_Hotel_Load_Cons_mt": null,
    "Boiler_Ballast_Cons_mt": null,
    "Boiler_Tank_Cleaning_Cons_mt": null,
    "Boiler_Cargo_Heating_Cons_mt": null,
    "Boiler_Cargo_Transfer_Cons_mt": null,
    "Boiler_Inerting_Cons_mt": null,
    "Boiler_Miscellaneous_Cons_mt": null,
    "GCU_Cons_mt": null,
    "IGG_Cons_mt": null,
    "Incinerator_Cons_mt": null,
    "Diesel_Power_Pack": null,
    "Others_Cons_mt": null,
    "Pilot_Flame_Cons_mt": null,
    "Calculated_ROB_mt": 29.54,
    "CE_Declared_ROB_mt": 29.54,
    "Adjustment_mt": null,
    "Adjustment_Reason": null,
    "Comment": null,
    "id": 9,
    "report_id": 1
  },
  {
    "Fuel_Type": "MGO",
    "Bunker_Batch": 3,
    "ME_Cons_mt": 0,
    "AE_Cons_mt": 0,
    "AE_Hotel_Load_Cons_mt": null,
    "AE_Ballast_Cons_mt": null,
    "AE_Tank_Cleaning_Cons_mt": null,
    "AE_Cargo_Heating_Cons_mt": null,
    "AE_Cargo_Transfer_Cons_mt": null,
    "AE_Inerting_Cons_mt": null,
    "AE_Crane_Cons_mt": null,
    "AE_Cooling_Cons_mt": null,
    "AE_Miscellaneous_Cons_mt": 0,
    "Boiler_Cons_mt": null,
    "Boiler_Hotel_Load_Cons_mt": null,
    "Boiler_Ballast_Cons_mt": null,
    "Boiler_Tank_Cleaning_Cons_mt": null,
    "Boiler_Cargo_Heating_Cons_mt": null,
    "Boiler_Cargo_Transfer_Cons_mt": null,
    "Boiler_Inerting_Cons_mt": null,
    "Boiler_Miscellaneous_Cons_mt": null,
    "GCU_Cons_mt": null,
    "IGG_Cons_mt": null,
    "Incinerator_Cons_mt": null,
    "Diesel_Power_Pack": null,
    "Others_Cons_mt": null,
    "Pilot_Flame_Cons_mt": null,
    "Calculated_ROB_mt": 99.98,
    "CE_Declared_ROB_mt": 99.98,
    "Adjustment_mt": null,
    "Adjustment_Reason": null,
    "Comment": null,
    "id": 10,
    "report_id": 2
  },
  {
    "Fuel_Type": "MGO",
    "Bunker_Batch": 4,
    "ME_Cons_mt": 0,
    "AE_Cons_mt": null,
    "AE_Hotel_Load_Cons_mt": null,
    "AE_Ballast_Cons_mt": null,
    "AE_Tank_Cleaning_Cons_mt": null,
    "AE_Cargo_Heating_Cons_mt": null,
    "AE_Cargo_Transfer_Cons_mt": null,
    "AE_Inerting_Cons_mt": null,
    "AE_Crane_Cons_mt": null,
    "AE_Cooling_Cons_mt": null,
    "AE_Miscellaneous_Cons_mt": null,
    "Boiler_Cons_mt": null,
    "Boiler_Hotel_Load_Cons_mt": null,
    "Boiler_Ballast_Cons_mt": null,
    "Boiler_Tank_Cleaning_Cons_mt": null,
    "Boiler_Cargo_Heating_Cons_mt": null,
    "Boiler_Cargo_Transfer_Cons_mt": null,
    "Boiler_Inerting_Cons_mt": null,
    "Boiler_Miscellaneous_Cons_mt": null,
    "GCU_Cons_mt": null,
    "IGG_Cons_mt": null,
    "Incinerator_Cons_mt": null,
    "Diesel_Power_Pack": null,
    "Others_Cons_mt": null,
    "Pilot_Flame_Cons_mt": null,
    "Calculated_ROB_mt": 98.31,
    "CE_Declared_ROB_mt": 98.31,
    "Adjustment_mt": null,
    "Adjustment_Reason": null,
    "Comment": null,
    "id": 11,
    "report_id": 2
  },
  {
    "Fuel_Type": "HSFO",
    "Bunker_Batch": 5,
    "ME_Cons_mt": 0,
    "AE_Cons_mt": null,
    "AE_Hotel_Load_Cons_mt": null,
    "AE_Ballast_Cons_mt": null,
    "AE_Tank_Cleaning_Cons_mt": null,
    "AE_Cargo_Heating_Cons_mt": null,
    "AE_Cargo_Transfer_Cons_mt": null,
    "AE_Inerting_Cons_mt": null,
    "AE_Crane_Cons_mt": null,
    "AE_Cooling_Cons_mt": null,
    "AE_Miscellaneous_Cons_mt": null,
    "Boiler_Cons_mt": null,
    "Boiler_Hotel_Load_Cons_mt": null,
    "Boiler_Ballast_Cons_mt": null,
    "Boiler_Tank_Cleaning_Cons_mt": null,
    "Boiler_Cargo_Heating_Cons_mt": null,
    "Boiler_Cargo_Transfer_Cons_mt": null,
    "Boiler_Inerting_Cons_mt": null,
    "Boiler_Miscellaneous_Cons_mt": null,
    "GCU_Cons_mt": null,
    "IGG_Cons_mt": null,
    "Incinerator_Cons_mt": null,
    "Diesel_Power_Pack": null,
    "Others_Cons_mt": null,
    "Pilot_Flame_Cons_mt": null,
    "Calculated_ROB_mt": 998.25,
    "CE_Declared_ROB_mt": 998.25,
    "Adjustment_mt": null,
    "Adjustment_Reason": null,
    "Comment": null,
    "id": 12,
    "report_id": 2
  },
  {
    "Fuel_Type": "MGO",
    "Bunker_Batch": 6,
    "ME_Cons_mt": 0.6,
    "AE_Cons_mt": 0.24,
    "AE_Hotel_Load_Cons_mt": null,
    "AE_Ballast_Cons_mt": null,
    "AE_Tank_Cleaning_Cons_mt": null,
    "AE_Cargo_Heating_Cons_mt": null,
    "AE_Cargo_Transfer_Cons_mt": null,
    "AE_Inerting_Cons_mt": null,
    "AE_Crane_Cons_mt": null,
    "AE_Cooling_Cons_mt": null,
    "AE_Miscellaneous_Cons_mt": 0.24,
    "Boiler_Cons_mt": null,
    "Boiler_Hotel_Load_Cons_mt": null,
    "Boiler_Ballast_Cons_mt": null,
    "Boiler_Tank_Cleaning_Cons_mt": null,
    "Boiler_Cargo_Heating_Cons_mt": null,
    "Boiler_Cargo_Transfer_Cons_mt": null,
    "Boiler_Inerting_Cons_mt": null,
    "Boiler_Miscellaneous_Cons_mt": null,
    "GCU_Cons_mt": null,
    "IGG_Cons_mt": null,
    "Incinerator_Cons_mt": null,
    "Diesel_Power_Pack": null,
    "Others_Cons_mt": null,
    "Pilot_Flame_Cons_mt": null,
    "Calculated_ROB_mt": 28.7,
    "CE_Declared_ROB_mt": 28.7,
    "Adjustment_mt": null,
    "Adjustment_Reason": null,
    "Comment": null,
    "id": 13,
    "report_id": 2
  },
  {
    "Fuel_Type": "VLSFO",
    "Bunker_Batch": 1,
    "ME_Cons_mt": 0,
    "AE_Cons_mt": null,
    "AE_Hotel_Load_Cons_mt": null,
    "AE_Ballast_Cons_mt": null,
    "AE_Tank_Cleaning_Cons_mt": null,
    "AE_Cargo_Heating_Cons_mt": null,
    "AE_Cargo_Transfer_Cons_mt": null,
    "AE_Inerting_Cons_mt": null,
    "AE_Crane_Cons_mt": null,
    "AE_Cooling_Cons_mt": null,
    "AE_Miscellaneous_Cons_mt": null,
    "Boiler_Cons_mt": null,
    "Boiler_Hotel_Load_Cons_mt": null,
    "Boiler_Ballast_Cons_mt": null,
    "Boiler_Tank_Cleaning_Cons_mt": null,
    "Boiler_Cargo_Heating_Cons_mt": null,
    "Boiler_Cargo_Transfer_Cons_mt": null,
    "Boiler_Inerting_Cons_mt": null,
    "Boiler_Miscellaneous_Cons_mt": null,
    "GCU_Cons_mt": null,
    "IGG_Cons_mt": null,
    "Incinerator_Cons_mt": null,
    "Diesel_Power_Pack": null,
    "Others_Cons_mt": null,
    "Pilot_Flame_Cons_mt": null,
    "Calculated_ROB_mt": 10.29,
    "CE_Declared_ROB_mt": 10.29,
    "Adjustment_mt": null,
    "Adjustment_Reason": null,
    "Comment": null,
    "id": 14,
    "report_id": 3
  },
  {
    "Fuel_Type": "HSFO",
    "Bunker_Batch": 2,
    "ME_Cons_mt": 17.2,
    "AE_Cons_mt": 2.55,
    "AE_Hotel_Load_Cons_mt": null,
    "AE_Ballast_Cons_mt": null,
    "AE_Tank_Cleaning_Cons_mt": null,
    "AE_Cargo_Heating_Cons_mt": null,
    "AE_Cargo_Transfer_Cons_mt": null,
    "AE_Inerting_Cons_mt": null,
    "AE_Crane_Cons_mt": null,
    "AE_Cooling_Cons_mt": null,
    "AE_Miscellaneous_Cons_mt": 2.55,
    "Boiler_Cons_mt": null,
    "Boiler_Hotel_Load_Cons_mt": null,
    "Boiler_Ballast_Cons_mt": null,
    "Boiler_Tank_Cleaning_Cons_mt": null,
    "Boiler_Cargo_Heating_Cons_mt": null,
    "Boiler_Cargo_Transfer_Cons_mt": null,
    "Boiler_Inerting_Cons_mt": null,
    "Boiler_Miscellaneous_Cons_mt": null,
    "GCU_Cons_mt": null,
    "IGG_Cons_mt": null,
    "Incinerator_Cons_mt": null,
    "Diesel_Power_Pack": null,
    "Others_Cons_mt": null,
    "Pilot_Flame_Cons_mt": null,
    "Calculated_ROB_mt": 50.5,
    "CE_Declared_ROB_mt": 50.5,
    "Adjustment_mt": null,
    "Adjustment_Reason": null,
    "Comment": null,
    "id": 15,
    "report_id": 3
  },
  {
    "Fuel_Type": "MGO",
    "Bunker_Batch": 3,
    "ME_Cons_mt": 0,
    "AE_Cons_mt": null,
    "AE_Hotel_Load_Cons_mt": null,
    "AE_Ballast_Cons_mt": null,
    "AE_Tank_Cleaning_Cons_mt": null,
    "AE_Cargo_Heating_Cons_mt": null,
    "AE_Cargo_Transfer_Cons_mt": null,
    "AE_Inerting_Cons_mt": null,
    "AE_Crane_Cons_mt": null,
    "AE_Cooling_Cons_mt": null,
    "AE_Miscellaneous_Cons_mt": null,
    "Boiler_Cons_mt": null,
    "Boiler_Hotel_Load_Cons_mt": null,
    "Boiler_Ballast_Cons_mt": null,
    "Boiler_Tank_Cleaning_Cons_mt": null,
    "Boiler_Cargo_Heating_Cons_mt": null,
    "Boiler_Cargo_Transfer_Cons_mt": null,
    "Boiler_Inerting_Cons_mt": null,
    "Boiler_Miscellaneous_Cons_mt": null,
    "GCU_Cons_mt": null,
    "IGG_Cons_mt": null,
    "Incinerator_Cons_mt": null,
    "Diesel_Power_Pack": null,
    "Others_Cons_mt": null,
    "Pilot_Flame_Cons_mt": null,
    "Calculated_ROB_mt": 99.98,
    "CE_Declared_ROB_mt": 99.98,
    "Adjustment_mt": null,
    "Adjustment_Reason": null,
    "Comment": null,
    "id": 16,
    "report_id": 3
  },
  {
    "Fuel_Type": "MGO",
    "Bunker_Batch": 4,
    "ME_Cons_mt": 0,
    "AE_Cons_mt": null,
    "AE_Hotel_Load_Cons_mt": null,
    "AE_Ballast_Cons_mt": null,
    "AE_Tank_Cleaning_Cons_mt": null,
    "AE_Cargo_Heating_Cons_mt": null,
    "AE_Cargo_Transfer_Cons_mt": null,
    "AE_Inerting_Cons_mt": null,
    "AE_Crane_Cons_mt": null,
    "AE_Cooling_Cons_mt": null,
    "AE_Miscellaneous_Cons_mt": null,
    "Boiler_Cons_mt": null,
    "Boiler_Hotel_Load_Cons_mt": null,
    "Boiler_Ballast_Cons_mt": null,
    "Boiler_Tank_Cleaning_Cons_mt": null,
    "Boiler_Cargo_Heating_Cons_mt": null,
    "Boiler_Cargo_Transfer_Cons_mt": null,
    "Boiler_Inerting_Cons_mt": null,
    "Boiler_Miscellaneous_Cons_mt": null,
    "GCU_Cons_mt": null,
    "IGG_Cons_mt": null,
    "Incinerator_Cons_mt": null,
    "Diesel_Power_Pack": null,
    "Others_Cons_mt": null,
    "Pilot_Flame_Cons_mt": null,
    "Calculated_ROB_mt": 98.31,
    "CE_Declared_ROB_mt": 98.31,
    "Adjustment_mt": null,
    "Adjustment_Reason": null,
    "Comment": null,
    "id": 17,
    "report_id": 3
  },
  {
    "Fuel_Type": "HSFO",
    "Bunker_Batch": 5,
    "ME_Cons_mt": 0,
    "AE_Cons_mt": null,
    "AE_Hotel_Load_Cons_mt": null,
    "AE_Ballast_Cons_mt": null,
    "AE_Tank_Cleaning_Cons_mt": null,
    "AE_Cargo_Heating_Cons_mt": null,
    "AE_Cargo_Transfer_Cons_mt": null,
    "AE_Inerting_Cons_mt": null,
    "AE_Crane_Cons_mt": null,
    "AE_Cooling_Cons_mt": null,
    "AE_Miscellaneous_Cons_mt": null,
    "Boiler_Cons_mt": null,
    "Boiler_Hotel_Load_Cons_mt": null,
    "Boiler_Ballast_Cons_mt": null,
    "Boiler_Tank_Cleaning_Cons_mt": null,
    "Boiler_Cargo_Heating_Cons_mt": null,
    "Boiler_Cargo_Transfer_Cons_mt": null,
    "Boiler_Inerting_Cons_mt": null,
    "Boiler_Miscellaneous_Cons_mt": null,
    "GCU_Cons_mt": null,
    "IGG_Cons_mt": null,
    "Incinerator_Cons_mt": null,
    "Diesel_Power_Pack": null,
    "Others_Cons_mt": null,
    "Pilot_Flame_Cons_mt": null,
    "Calculated_ROB_mt": 998.25,
    "CE_Declared_ROB_mt": 998.25,
    "Adjustment_mt": null,
    "Adjustment_Reason": null,
    "Comment": null,
    "id": 18,
    "report_id": 3
  },
  {
    "Fuel_Type": "MGO",
    "Bunker_Batch": 6,
    "ME_Cons_mt": 0,
    "AE_Cons_mt": null,
    "AE_Hotel_Load_Cons_mt": null,
    "AE_Ballast_Cons_mt": null,
    "AE_Tank_Cleaning_Cons_mt": null,
    "AE_Cargo_Heating_Cons_mt": null,
    "AE_Cargo_Transfer_Cons_mt": null,
    "AE_Inerting_Cons_mt": null,
    "AE_Crane_Cons_mt": null,
    "AE_Cooling_Cons_mt": null,
    "AE_Miscellaneous_Cons_mt": null,
    "Boiler_Cons_mt": null,
    "Boiler_Hotel_Load_Cons_mt": null,
    "Boiler_Ballast_Cons_mt": null,
    "Boiler_Tank_Cleaning_Cons_mt": null,
    "Boiler_Cargo_Heating_Cons_mt": null,
    "Boiler_Cargo_Transfer_Cons_mt": null,
    "Boiler_Inerting_Cons_mt": null,
    "Boiler_Miscellaneous_Cons_mt": null,
    "GCU_Cons_mt": null,
    "IGG_Cons_mt": null,
    "Incinerator_Cons_mt": null,
    "Diesel_Power_Pack": null,
    "Others_Cons_mt": null,
    "Pilot_Flame_Cons_mt": null,
    "Calculated_ROB_mt": 28.7,
    "CE_Declared_ROB_mt": 28.7,
    "Adjustment_mt": null,
    "Adjustment_Reason": null,
    "Comment": null,
    "id": 19,
    "report_id": 3
  },
  {
    "Fuel_Type": "VLSFO",
    "Bunker_Batch": 1,
    "ME_Cons_mt": 0,
    "AE_Cons_mt": null,
    "AE_Hotel_Load_Cons_mt": null,
    "AE_Ballast_Cons_mt": null,
    "AE_Tank_Cleaning_Cons_mt": null,
    "AE_Cargo_Heating_Cons_mt": null,
    "AE_Cargo_Transfer_Cons_mt": null,
    "AE_Inerting_Cons_mt": null,
    "AE_Crane_Cons_mt": null,
    "AE_Cooling_Cons_mt": null,
    "AE_Miscellaneous_Cons_mt": null,
    "Boiler_Cons_mt": null,
    "Boiler_Hotel_Load_Cons_mt": null,
    "Boiler_Ballast_Cons_mt": null,
    "Boiler_Tank_Cleaning_Cons_mt": null,
    "Boiler_Cargo_Heating_Cons_mt": null,
    "Boiler_Cargo_Transfer_Cons_mt": null,
    "Boiler_Inerting_Cons_mt": null,
    "Boiler_Miscellaneous_Cons_mt": null,
    "GCU_Cons_mt": null,
    "IGG_Cons_mt": null,
    "Incinerator_Cons_mt": null,
    "Diesel_Power_Pack": null,
    "Others_Cons_mt": null,
    "Pilot_Flame_Cons_mt": null,
    "Calculated_ROB_mt": 10.29,
    "CE_Declared_ROB_mt": 10.29,
    "Adjustment_mt": null,
    "Adjustment_Reason": null,
    "Comment": null,
    "id": 20,
    "report_id": 4
  },
  {
    "Fuel_Type": "HSFO",
    "Bunker_Batch": 2,
    "ME_Cons_mt": 16.95,
    "AE_Cons_mt": 2.58,
    "AE_Hotel_Load_Cons_mt": null,
    "AE_Ballast_Cons_mt": null,
    "AE_Tank_Cleaning_Cons_mt": null,
    "AE_Cargo_Heating_Cons_mt": null,
    "AE_Cargo_Transfer_Cons_mt": null,
    "AE_Inerting_Cons_mt": null,
    "AE_Crane_Cons_mt": null,
    "AE_Cooling_Cons_mt": null,
    "AE_Miscellaneous_Cons_mt": 2.58,
    "Boiler_Cons_mt": null,
    "Boiler_Hotel_Load_Cons_mt": null,
    "Boiler_Ballast_Cons_mt": null,
    "Boiler_Tank_Cleaning_Cons_mt": null,
    "Boiler_Cargo_Heating_Cons_mt": null,
    "Boiler_Cargo_Transfer_Cons_mt": null,
    "Boiler_Inerting_Cons_mt": null,
    "Boiler_Miscellaneous_Cons_mt": null,
    "GCU_Cons_mt": null,
    "IGG_Cons_mt": null,
    "Incinerator_Cons_mt": null,
    "Diesel_Power_Pack": null,
    "Others_Cons_mt": null,
    "Pilot_Flame_Cons_mt": null,
    "Calculated_ROB_mt": 30.97,
    "CE_Declared_ROB_mt": 30.97,
    "Adjustment_mt": null,
    "Adjustment_Reason": null,
    "Comment": null,
    "id": 21,
    "report_id": 4
  },
  {
    "Fuel_Type": "MGO",
    "Bunker_Batch": 3,
    "ME_Cons_mt": 0,
    "AE_Cons_mt": null,
    "AE_Hotel_Load_Cons_mt": null,
    "AE_Ballast_Cons_mt": null,
    "AE_Tank_Cleaning_Cons_mt": null,
    "AE_Cargo_Heating_Cons_mt": null,
    "AE_Cargo_Transfer_Cons_mt": null,
    "AE_Inerting_Cons_mt": null,
    "AE_Crane_Cons_mt": null,
    "AE_Cooling_Cons_mt": null,
    "AE_Miscellaneous_Cons_mt": null,
    "Boiler_Cons_mt": null,
    "Boiler_Hotel_Load_Cons_mt": null,
    "Boiler_Ballast_Cons_mt": null,
    "Boiler_Tank_Cleaning_Cons_mt": null,
    "Boiler_Cargo_Heating_Cons_mt": null,
    "Boiler_Cargo_Transfer_Cons_mt": null,
    "Boiler_Inerting_Cons_mt": null,
    "Boiler_Miscellaneous_Cons_mt": null,
    "GCU_Cons_mt": null,
    "IGG_Cons_mt": null,
    "Incinerator_Cons_mt": null,
    "Diesel_Power_Pack": null,
    "Others_Cons_mt": null,
    "Pilot_Flame_Cons_mt": null,
    "Calculated_ROB_mt": 99.98,
    "CE_Declared_ROB_mt": 99.98,
    "Adjustment_mt": null,
    "Adjustment_Reason": null,
    "Comment": null,
    "id": 22,
    "report_id": 4
  },
  {
    "Fuel_Type": "MGO",
    "Bunker_Batch": 4,
    "ME_Cons_mt": 0,
    "AE_Cons_mt": null,
    "AE_Hotel_Load_Cons_mt": null,
    "AE_Ballast_Cons_mt": null,
    "AE_Tank_Cleaning_Cons_mt": null,
    "AE_Cargo_Heating_Cons_mt": null,
    "AE_Cargo_Transfer_Cons_mt": null,
    "AE_Inerting_Cons_mt": null,
    "AE_Crane_Cons_mt": null,
    "AE_Cooling_Cons_mt": null,
    "AE_Miscellaneous_Cons_mt": null,
    "Boiler_Cons_mt": null,
    "Boiler_Hotel_Load_Cons_mt": null,
    "Boiler_Ballast_Cons_mt": null,
    "Boiler_Tank_Cleaning_Cons_mt": null,
    "Boiler_Cargo_Heating_Cons_mt": null,
    "Boiler_Cargo_Transfer_Cons_mt": null,
    "Boiler_Inerting_Cons_mt": null,
    "Boiler_Miscellaneous_Cons_mt": null,
    "GCU_Cons_mt": null,
    "IGG_Cons_mt": null,
    "Incinerator_Cons_mt": null,
    "Diesel_Power_Pack": null,
    "Others_Cons_mt": null,
    "Pilot_Flame_Cons_mt": null,
    "Calculated_ROB_mt": 98.31,
    "CE_Declared_ROB_mt": 98.31,
    "Adjustment_mt": null,
    "Adjustment_Reason": null,
    "Comment": null,
    "id": 23,
    "report_id": 4
  },
  {
    "Fuel_Type": "HSFO",
    "Bunker_Batch": 5,
    "ME_Cons_mt": 0,
    "AE_Cons_mt": null,
    "AE_Hotel_Load_Cons_mt": null,
    "AE_Ballast_Cons_mt": null,
    "AE_Tank_Cleaning_Cons_mt": null,
    "AE_Cargo_Heating_Cons_mt": null,
    "AE_Cargo_Transfer_Cons_mt": null,
    "AE_Inerting_Cons_mt": null,
    "AE_Crane_Cons_mt": null,
    "AE_Cooling_Cons_mt": null,
    "AE_Miscellaneous_Cons_mt": null,
    "Boiler_Cons_mt": null,
    "Boiler_Hotel_Load_Cons_mt": null,
    "Boiler_Ballast_Cons_mt": null,
    "Boiler_Tank_Cleaning_Cons_mt": null,
    "Boiler_Cargo_Heating_Cons_mt": null,
    "Boiler_Cargo_Transfer_Cons_mt": null,
    "Boiler_Inerting_Cons_mt": null,
    "Boiler_Miscellaneous_Cons_mt": null,
    "GCU_Cons_mt": null,
    "IGG_Cons_mt": null,
    "Incinerator_Cons_mt": null,
    "Diesel_Power_Pack": null,
    "Others_Cons_mt": null,
    "Pilot_Flame_Cons_mt": null,
    "Calculated_ROB_mt": 998.25,
    "CE_Declared_ROB_mt": 998.25,
    "Adjustment_mt": null,
    "Adjustment_Reason": null,
    "Comment": null,
    "id": 24,
    "report_id": 4
  },
  {
    "Fuel_Type": "MGO",
    "Bunker_Batch": 6,
    "ME_Cons_mt": 0,
    "AE_Cons_mt": null,
    "AE_Hotel_Load_Cons_mt": null,
    "AE_Ballast_Cons_mt": null,
    "AE_Tank_Cleaning_Cons_mt": null,
    "AE_Cargo_Heating_Cons_mt": null,
    "AE_Cargo_Transfer_Cons_mt": null,
    "AE_Inerting_Cons_mt": null,
    "AE_Crane_Cons_mt": null,
    "AE_Cooling_Cons_mt": null,
    "AE_Miscellaneous_Cons_mt": null,
    "Boiler_Cons_mt": 0,
    "Boiler_Hotel_Load_Cons_mt": null,
    "Boiler_Ballast_Cons_mt": null,
    "Boiler_Tank_Cleaning_Cons_mt": null,
    "Boiler_Cargo_Heating_Cons_mt": null,
    "Boiler_Cargo_Transfer_Cons_mt": null,
    "Boiler_Inerting_Cons_mt": null,
    "Boiler_Miscellaneous_Cons_mt": null,
    "GCU_Cons_mt": null,
    "IGG_Cons_mt": null,
    "Incinerator_Cons_mt": null,
    "Diesel_Power_Pack": null,
    "Others_Cons_mt": null,
    "Pilot_Flame_Cons_mt": null,
    "Calculated_ROB_mt": 28.7,
    "CE_Declared_ROB_mt": 28.7,
    "Adjustment_mt": null,
    "Adjustment_Reason": null,
    "Comment": null,
    "id": 25,
    "report_id": 4
  },
  {
    "Fuel_Type": "VLSFO",
    "Bunker_Batch": 1,
    "ME_Cons_mt": 0,
    "AE_Cons_mt": null,
    "AE_Hotel_Load_Cons_mt": null,
    "AE_Ballast_Cons_mt": null,
    "AE_Tank_Cleaning_Cons_mt": null,
    "AE_Cargo_Heating_Cons_mt": null,
    "AE_Cargo_Transfer_Cons_mt": null,
    "AE_Inerting_Cons_mt": null,
    "AE_Crane_Cons_mt": null,
    "AE_Cooling_Cons_mt": null,
    "AE_Miscellaneous_Cons_mt": null,
    "Boiler_Cons_mt": null,
    "Boiler_Hotel_Load_Cons_mt": null,
    "Boiler_Ballast_Cons_mt": null,
    "Boiler_Tank_Cleaning_Cons_mt": null,
    "Boiler_Cargo_Heating_Cons_mt": null,
    "Boiler_Cargo_Transfer_Cons_mt": null,
    "Boiler_Inerting_Cons_mt": null,
    "Boiler_Miscellaneous_Cons_mt": null,
    "GCU_Cons_mt": null,
    "IGG_Cons_mt": null,
    "Incinerator_Cons_mt": null,
    "Diesel_Power_Pack": null,
    "Others_Cons_mt": null,
    "Pilot_Flame_Cons_mt": null,
    "Calculated_ROB_mt": 10.29,
    "CE_Declared_ROB_mt": 10.29,
    "Adjustment_mt": null,
    "Adjustment_Reason": null,
    "Comment": null,
    "id": 26,
    "report_id": 5
  },
  {
    "Fuel_Type": "HSFO",
    "Bunker_Batch": 2,
    "ME_Cons_mt": 17.55,
    "AE_Cons_mt": 3.8,
    "AE_Hotel_Load_Cons_mt": null,
    "AE_Ballast_Cons_mt": null,
    "AE_Tank_Cleaning_Cons_mt": null,
    "AE_Cargo_Heating_Cons_mt": 1.2,
    "AE_Cargo_Transfer_Cons_mt": null,
    "AE_Inerting_Cons_mt": null,
    "AE_Crane_Cons_mt": null,
    "AE_Cooling_Cons_mt": null,
    "AE_Miscellaneous_Cons_mt": 2.6,
    "Boiler_Cons_mt": null,
    "Boiler_Hotel_Load_Cons_mt": null,
    "Boiler_Ballast_Cons_mt": null,
    "Boiler_Tank_Cleaning_Cons_mt": null,
    "Boiler_Cargo_Heating_Cons_mt": null,
    "Boiler_Cargo_Transfer_Cons_mt": null,
    "Boiler_Inerting_Cons_mt": null,
    "Boiler_Miscellaneous_Cons_mt": null,
    "GCU_Cons_mt": null,
    "IGG_Cons_mt": null,
    "Incinerator_Cons_mt": null,
    "Diesel_Power_Pack": null,
    "Others_Cons_mt": null,
    "Pilot_Flame_Cons_mt": null,
    "Calculated_ROB_mt": 9.619999999999997,
    "CE_Declared_ROB_mt": 9.62,
    "Adjustment_mt": null,
    "Adjustment_Reason": null,
    "Comment": null,
    "id": 27,
    "report_id": 5
  },
  {
    "Fuel_Type": "MGO",
    "Bunker_Batch": 3,
    "ME_Cons_mt": 0,
    "AE_Cons_mt": null,
    "AE_Hotel_Load_Cons_mt": null,
    "AE_Ballast_Cons_mt": null,
    "AE_Tank_Cleaning_Cons_mt": null,
    "AE_Cargo_Heating_Cons_mt": null,
    "AE_Cargo_Transfer_Cons_mt": null,
    "AE_Inerting_Cons_mt": null,
    "AE_Crane_Cons_mt": null,
    "AE_Cooling_Cons_mt": null,
    "AE_Miscellaneous_Cons_mt": null,
    "Boiler_Cons_mt": null,
    "Boiler_Hotel_Load_Cons_mt": null,
    "Boiler_Ballast_Cons_mt": null,
    "Boiler_Tank_Cleaning_Cons_mt": null,
    "Boiler_Cargo_Heating_Cons_mt": null,
    "Boiler_Cargo_Transfer_Cons_mt": null,
    "Boiler_Inerting_Cons_mt": null,
    "Boiler_Miscellaneous_Cons_mt": null,
    "GCU_Cons_mt": null,
    "IGG_Cons_mt": null,
    "Incinerator_Cons_mt": null,
    "Diesel_Power_Pack": null,
    "Others_Cons_mt": null,
    "Pilot_Flame_Cons_mt": null,
    "Calculated_ROB_mt": 99.98,
    "CE_Declared_ROB_mt": 99.98,
    "Adjustment_mt": null,
    "Adjustment_Reason": null,
    "Comment": null,
    "id": 28,
    "report_id": 5
  },
  {
    "Fuel_Type": "MGO",
    "Bunker_Batch": 4,
    "ME_Cons_mt": 0,
    "AE_Cons_mt": null,
    "AE_Hotel_Load_Cons_mt": null,
    "AE_Ballast_Cons_mt": null,
    "AE_Tank_Cleaning_Cons_mt": null,
    "AE_Cargo_Heating_Cons_mt": null,
    "AE_Cargo_Transfer_Cons_mt": null,
    "AE_Inerting_Cons_mt": null,
    "AE_Crane_Cons_mt": null,
    "AE_Cooling_Cons_mt": null,
    "AE_Miscellaneous_Cons_mt": null,
    "Boiler_Cons_mt": null,
    "Boiler_Hotel_Load_Cons_mt": null,
    "Boiler_Ballast_Cons_mt": null,
    "Boiler_Tank_Cleaning_Cons_mt": null,
    "Boiler_Cargo_Heating_Cons_mt": null,
    "Boiler_Cargo_Transfer_Cons_mt": null,
    "Boiler_Inerting_Cons_mt": null,
    "Boiler_Miscellaneous_Cons_mt": null,
    "GCU_Cons_mt": null,
    "IGG_Cons_mt": null,
    "Incinerator_Cons_mt": null,
    "Diesel_Power_Pack": null,
    "Others_Cons_mt": null,
    "Pilot_Flame_Cons_mt": null,
    "Calculated_ROB_mt": 98.31,
    "CE_Declared_ROB_mt": 98.31,
    "Adjustment_mt": null,
    "Adjustment_Reason": null,
    "Comment": null,
    "id": 29,
    "report_id": 5
  },
  {
    "Fuel_Type": "HSFO",
    "Bunker_Batch": 5,
    "ME_Cons_mt": 0,
    "AE_Cons_mt": null,
    "AE_Hotel_Load_Cons_mt": null,
    "AE_Ballast_Cons_mt": null,
    "AE_Tank_Cleaning_Cons_mt": null,
    "AE_Cargo_Heating_Cons_mt": null,
    "AE_Cargo_Transfer_Cons_mt": null,
    "AE_Inerting_Cons_mt": null,
    "AE_Crane_Cons_mt": null,
    "AE_Cooling_Cons_mt": null,
    "AE_Miscellaneous_Cons_mt": null,
    "Boiler_Cons_mt": 0,
    "Boiler_Hotel_Load_Cons_mt": null,
    "Boiler_Ballast_Cons_mt": null,
    "Boiler_Tank_Cleaning_Cons_mt": null,
    "Boiler_Cargo_Heating_Cons_mt": null,
    "Boiler_Cargo_Transfer_Cons_mt": null,
    "Boiler_Inerting_Cons_mt": null,
    "Boiler_Miscellaneous_Cons_mt": null,
    "GCU_Cons_mt": null,
    "IGG_Cons_mt": null,
    "Incinerator_Cons_mt": null,
    "Diesel_Power_Pack": null,
    "Others_Cons_mt": null,
    "Pilot_Flame_Cons_mt": null,
    "Calculated_ROB_mt": 998.25,
    "CE_Declared_ROB_mt": 998.25,
    "Adjustment_mt": null,
    "Adjustment_Reason": null,
    "Comment": null,
    "id": 30,
    "report_id": 5
  },
  {
    "Fuel_Type": "MGO",
    "Bunker_Batch": 6,
    "ME_Cons_mt": null,
    "AE_Cons_mt": null,
    "AE_Hotel_Load_Cons_mt": null,
    "AE_Ballast_Cons_mt": null,
    "AE_Tank_Cleaning_Cons_mt": null,
    "AE_Cargo_Heating_Cons_mt": null,
    "AE_Cargo_Transfer_Cons_mt": null,
    "AE_Inerting_Cons_mt": null,
    "AE_Crane_Cons_mt": null,
    "AE_Cooling_Cons_mt": null,
    "AE_Miscellaneous_Cons_mt": null,
    "Boiler_Cons_mt": 3.89,
    "Boiler_Hotel_Load_Cons_mt": null,
    "Boiler_Ballast_Cons_mt": null,
    "Boiler_Tank_Cleaning_Cons_mt": null,
    "Boiler_Cargo_Heating_Cons_mt": 3.89,
    "Boiler_Cargo_Transfer_Cons_mt": null,
    "Boiler_Inerting_Cons_mt": null,
    "Boiler_Miscellaneous_Cons_mt": null,
    "GCU_Cons_mt": null,
    "IGG_Cons_mt": null,
    "Incinerator_Cons_mt": null,
    "Diesel_Power_Pack": null,
    "Others_Cons_mt": null,
    "Pilot_Flame_Cons_mt": null,
    "Calculated_ROB_mt": 24.81,
    "CE_Declared_ROB_mt": 24.81,
    "Adjustment_mt": null,
    "Adjustment_Reason": null,
    "Comment": null,
    "id": 31,
    "report_id": 5
  }
]