[
  {
    "is_first_report__clientNode": true,
    "Vessel_Name": "ECO YOSEMITE PARK",
    "IMO_Number": "9877573",
    "Report_Type": "COSP",
    "Berth_Status": null,
    "Report_Period": 0,
    "Load_Condition": "",
    "Voyage_No": "2407",
    "Next_Country": "Spain",
    "Next_Port": "Huelva",
    "Current_Country_Name": null,
    "Current_Port_Name": null,
    "Is_Outside_Port_Limit": null,
    "In_Transit": false,
    "Next_Port_Transit_Via": "CAPE OF GOOD HOPE",
    "Instructed_Speed_Value_knots": 12.5,
    "Observed_GPS_Distance_nm": 6,
    "Log_Distance_nm": 6,
    "Drifting_Distance_nm": null,
    "Observed_distance_in_Beaufort_Scale_greater_than_5": null,
    "Distance_To_Go_nm": 10795,
    "Required_Speed_for_ETA_kn": 12.323059360730594,
    "Anchorage_hours_Hrs": null,
    "Is_Voyage_through_Ice": null,
    "Is_Voyage_for_Safety_of_Ship": "",
    "Reason_for_Safety_Voyage": null,
    "Is_STS_Ops": null,
    "Engine_Distance_nm": 6.6,
    "Cargo_Onbord_mt": 25898.9,
    "Deadweight_Carried_onboard_mt": 28359,
    "Displacement_mt": 38948,
    "Steaming_Hours": 1.1,
    "Salinty": 1.02,
    "Ballast": 200,
    "Comments": "0200H-COSP",
    "Master_Name": "ELMER C DANTES",
    "CE_Name": "NEAL C RIDOR",
    "Mean_Draught_m": 9.2,
    "Forward_Draught_m": 8.7,
    "Afterward_Draught_m": 9.7,
    "Beaufort_force": "3",
    "Wind_coming_From_degree_True_Wind_Direction": 180,
    "Wave_height_m": 0.5,
    "Waves_going_towards_Degree_True_Swell_Direction": 0,
    "Vessel_Heading_Degree_Absolue_Direction": 244,
    "Sea_Water_Temp_deg_C": 29,
    "Barometric_Pressure_millibar": 1018,
    "Engine_Room_Temp_deg_C": 39,
    "Atmosphere_Air_Temp_deg_C": 30,
    "Bar_Movement": "STEADY",
    "Sea_Direction": "S",
    "Swell_Direction": "S",
    "Wind_Direction": "S",
    "Current_Direction": "With",
    "Bad_Weather_Hours": null,
    "Bad_Weather_Distance": null,
    "Sea_Height": 0.5,
    "Swell_Height": 0.5,
    "Current": 0.2,
    "Propulsion_Hrs": 1.1,
    "ME_1_Average_RPM": 32.7,
    "ME_2_Average_RPM": null,
    "ME_1_Running_Hours": 1.1,
    "ME_2_Running_Hours": null,
    "ME_1_Shaft_Power_kW": 1800,
    "ME_2_Shaft_Power_kW": null,
    "ME_1_Shaft_Energy_kWh_Counter": null,
    "ME_2_Shaft_Energy_kWh_Counter": null,
    "ME_1_TC1_RPM": 9823,
    "ME_1_TC2_RPM": null,
    "ME_2_TC1_RPM": null,
    "ME_2_TC2_RPM": null,
    "ME_1_Scavenge_Air_Temp_deg_C": 36,
    "ME_2_Scavenge_Air_Temp_deg_C": null,
    "ME_1_Air_Cooler_Cooling_Water_inlet_Temp_deg_C": 32,
    "ME_2_Air_Cooler_Cooling_Water_inlet_Temp_deg_C": null,
    "ME_1_Scavenge_Air_Pressure_bar": 0.68,
    "ME_2_Scavenge_Air_Pressure_bar": null,
    "AE_1_Running_Hours": null,
    "AE_2_Running_Hours": 1.2,
    "AE_3_Running_Hours": 1.2,
    "AE_4_Running_Hours": null,
    "AE_1_Power_kWh": null,
    "AE_2_Power_kWh": 310.8,
    "AE_3_Power_kWh": 314.4,
    "AE_4_Power_kWh": null,
    "Shore_Power_Used": "",
    "Shore_Power_Connection_Counter_kWh": null,
    "Total_Shore_Power_Energy_Consumed_Since_Last_Report_kWh": null,
    "Boiler_1_Running_Hours": null,
    "Boiler_2_Running_Hours": null,
    "Boiler_1_Steam_Pressure": null,
    "Boiler_2_Steam_Pressure": null,
    "Incinerator_Hours": null,
    "FW_Generator_Hours": null,
    "CLO_Bunkered_De_Dunkered_litres": "",
    "ROB_Of_CLO_litres": null,
    "MECC_Bunkered_De_bunkered_litres": null,
    "ROB_Of_MECC_litres": null,
    "Qty_Of_MECC_Used_litres": null,
    "AECC_Bunkered_De_bunkered_litres": null,
    "ROB_Of_AECC_litres": null,
    "Qty_Of_AECC_Used_litres": null,
    "ME_1_Qty_Of_CLO_Used_litres": 5,
    "ME_2_Qty_Of_CLO_Used_litres": null,
    "ME_1_CLO_Running_Condition": "Normal Operation",
    "ME_2_CLO_Running_Condition": "",
    "Distilled_Water_Received": null,
    "Distilled_Water_Consumed": null,
    "Distilled_Water_ROB": null,
    "Distilled_Water_Produced": null,
    "Fresh_Water_Received": null,
    "Fresh_Water_Consumed": 1,
    "Fresh_Water_ROB": 181,
    "Slops_Received": null,
    "Slops_ROB": null,
    "Charterer_Cleaning_Kit_Onboard": "",
    "Charterer_Cleaning_Chemical_ROB": null,
    "Delay_Duration": null,
    "Miles": null,
    "Delay_Type": "",
    "Reason_for_Delay": "",
    "Delay_Remarks": "",
    "Port_Activity_Template": "FUELING",
    "Current_report_closing_time_LT_time": "2024-08-13T02:00:00.000Z",
    "Current_report_closing_time_LT_timeZone": 8,
    "Current_report_closing_time_LT_gmtTime": "2024-08-12T18:00:00.000Z",
    "Position_lat_degree": 1,
    "Position_lat_minute": 11,
    "Position_lat_second": 36,
    "Position_lat_direction": "N",
    "Position_lng_degree": 103,
    "Position_lng_minute": 51,
    "Position_lng_second": 6,
    "Position_lng_direction": "E",
    "Port_ETD_LT_time": "2024-09-20T12:00:00.000Z",
    "Port_ETD_LT_timeZone": 2,
    "Port_ETD_LT_gmtTime": "2024-09-20T10:00:00.000Z",
    "Next_Port_best_ETA_LT_time": "2024-09-18T08:00:00.000Z",
    "Next_Port_best_ETA_LT_timeZone": 2,
    "Next_Port_best_ETA_LT_gmtTime": "2024-09-18T06:00:00.000Z",
    "Next_Port_Required_ETA_LT_time": "2024-09-18T08:00:00.000Z",
    "Next_Port_Required_ETA_LT_timeZone": 2,
    "Next_Port_Required_ETA_LT_gmtTime": "2024-09-18T06:00:00.000Z",
    "Shore_Power_Connection_Start_Datetime_time": null,
    "Shore_Power_Connection_Start_Datetime_timeZone": null,
    "Shore_Power_Connection_Start_Datetime_gmtTime": null,
    "Shore_Power_Connection_End_Datetime_time": null,
    "Shore_Power_Connection_End_Datetime_timeZone": null,
    "Shore_Power_Connection_End_Datetime_gmtTime": null,
    "Delay_Start_time": null,
    "Delay_Start_timeZone": null,
    "Delay_Start_gmtTime": null,
    "Delay_End_time": null,
    "Delay_End_timeZone": null,
    "Delay_End_gmtTime": null,
    "syncStatus__clientNode": "not_synced",
    "status__clientNode": "submitted",
    "id__clientNode": "62087315-27d7-4884-ac69-f42088d319d1",
    "id": 1,
    "version__clientNode": 321
  },
  {
    "is_first_report__clientNode": false,
    "Vessel_Name": "ECO YOSEMITE PARK",
    "IMO_Number": "9877573",
    "Report_Type": "Noon Sea",
    "Berth_Status": null,
    "Report_Period": 10,
    "Load_Condition": "",
    "Voyage_No": "2407",
    "Next_Country": "Spain",
    "Next_Port": "Huelva",
    "Current_Country_Name": null,
    "Current_Port_Name": null,
    "Is_Outside_Port_Limit": null,
    "In_Transit": "",
    "Next_Port_Transit_Via": "CAPE OF GOOD HOPE",
    "Instructed_Speed_Value_knots": 12.5,
    "Observed_GPS_Distance_nm": 125,
    "Log_Distance_nm": 121,
    "Drifting_Distance_nm": null,
    "Observed_distance_in_Beaufort_Scale_greater_than_5": null,
    "Distance_To_Go_nm": 10670,
    "Required_Speed_for_ETA_kn": 12.321016166281755,
    "Anchorage_hours_Hrs": null,
    "Is_Voyage_through_Ice": "",
    "Is_Voyage_for_Safety_of_Ship": "",
    "Reason_for_Safety_Voyage": null,
    "Is_STS_Ops": null,
    "Engine_Distance_nm": 121.13,
    "Cargo_Onbord_mt": 25898.9,
    "Deadweight_Carried_onboard_mt": 28359,
    "Displacement_mt": 38948,
    "Steaming_Hours": 10,
    "Salinty": 1.02,
    "Ballast": 200,
    "Comments": "FROM COSP TO NOON",
    "Master_Name": "ELMER C DANTES",
    "CE_Name": "NEAL C RIDOR",
    "Mean_Draught_m": 9.2,
    "Forward_Draught_m": 8.7,
    "Afterward_Draught_m": 9.7,
    "Beaufort_force": "3",
    "Wind_coming_From_degree_True_Wind_Direction": 90,
    "Wave_height_m": 0.5,
    "Waves_going_towards_Degree_True_Swell_Direction": 90,
    "Vessel_Heading_Degree_Absolue_Direction": 311,
    "Sea_Water_Temp_deg_C": 30,
    "Barometric_Pressure_millibar": 1016,
    "Engine_Room_Temp_deg_C": 39,
    "Atmosphere_Air_Temp_deg_C": 27,
    "Bar_Movement": "STEADY",
    "Sea_Direction": "E",
    "Swell_Direction": "E",
    "Wind_Direction": "E",
    "Current_Direction": "With",
    "Bad_Weather_Hours": null,
    "Bad_Weather_Distance": null,
    "Sea_Height": 0.5,
    "Swell_Height": 0.5,
    "Current": 0.2,
    "Propulsion_Hrs": 10,
    "ME_1_Average_RPM": 66.3,
    "ME_2_Average_RPM": null,
    "ME_1_Running_Hours": 10,
    "ME_2_Running_Hours": null,
    "ME_1_Shaft_Power_kW": 3400,
    "ME_2_Shaft_Power_kW": null,
    "ME_1_Shaft_Energy_kWh_Counter": null,
    "ME_2_Shaft_Energy_kWh_Counter": null,
    "ME_1_TC1_RPM": 11472,
    "ME_1_TC2_RPM": null,
    "ME_2_TC1_RPM": null,
    "ME_2_TC2_RPM": null,
    "ME_1_Scavenge_Air_Temp_deg_C": 36,
    "ME_2_Scavenge_Air_Temp_deg_C": null,
    "ME_1_Air_Cooler_Cooling_Water_inlet_Temp_deg_C": 33,
    "ME_2_Air_Cooler_Cooling_Water_inlet_Temp_deg_C": null,
    "ME_1_Scavenge_Air_Pressure_bar": 0.85,
    "ME_2_Scavenge_Air_Pressure_bar": null,
    "AE_1_Running_Hours": null,
    "AE_2_Running_Hours": 10,
    "AE_3_Running_Hours": 1.7,
    "AE_4_Running_Hours": null,
    "AE_1_Power_kWh": null,
    "AE_2_Power_kWh": 4790,
    "AE_3_Power_kWh": 438.6,
    "AE_4_Power_kWh": null,
    "Shore_Power_Used": "",
    "Shore_Power_Connection_Counter_kWh": null,
    "Total_Shore_Power_Energy_Consumed_Since_Last_Report_kWh": null,
    "Boiler_1_Running_Hours": null,
    "Boiler_2_Running_Hours": null,
    "Boiler_1_Steam_Pressure": null,
    "Boiler_2_Steam_Pressure": null,
    "Incinerator_Hours": null,
    "FW_Generator_Hours": null,
    "CLO_Bunkered_De_Dunkered_litres": "",
    "ROB_Of_CLO_litres": null,
    "MECC_Bunkered_De_bunkered_litres": null,
    "ROB_Of_MECC_litres": null,
    "Qty_Of_MECC_Used_litres": null,
    "AECC_Bunkered_De_bunkered_litres": null,
    "ROB_Of_AECC_litres": null,
    "Qty_Of_AECC_Used_litres": null,
    "ME_1_Qty_Of_CLO_Used_litres": 40,
    "ME_2_Qty_Of_CLO_Used_litres": null,
    "ME_1_CLO_Running_Condition": "Normal Operation",
    "ME_2_CLO_Running_Condition": "",
    "Distilled_Water_Received": null,
    "Distilled_Water_Consumed": null,
    "Distilled_Water_ROB": null,
    "Distilled_Water_Produced": null,
    "Fresh_Water_Received": null,
    "Fresh_Water_Consumed": 3,
    "Fresh_Water_ROB": 178,
    "Slops_Received": null,
    "Slops_ROB": null,
    "Charterer_Cleaning_Kit_Onboard": "",
    "Charterer_Cleaning_Chemical_ROB": null,
    "Delay_Duration": null,
    "Miles": null,
    "Delay_Type": "",
    "Reason_for_Delay": "",
    "Delay_Remarks": "",
    "Port_Activity_Template": "",
    "Current_report_closing_time_LT_time": "2024-08-13T12:00:00.000Z",
    "Current_report_closing_time_LT_timeZone": 8,
    "Current_report_closing_time_LT_gmtTime": "2024-08-13T04:00:00.000Z",
    "Position_lat_degree": 2,
    "Position_lat_minute": 6,
    "Position_lat_second": 30,
    "Position_lat_direction": "N",
    "Position_lng_degree": 102,
    "Position_lng_minute": 5,
    "Position_lng_second": 18,
    "Position_lng_direction": "E",
    "Port_ETD_LT_time": "2024-09-20T08:00:00.000Z",
    "Port_ETD_LT_timeZone": 2,
    "Port_ETD_LT_gmtTime": "2024-09-20T06:00:00.000Z",
    "Next_Port_best_ETA_LT_time": "2024-09-18T00:00:00.000Z",
    "Next_Port_best_ETA_LT_timeZone": 2,
    "Next_Port_best_ETA_LT_gmtTime": "2024-09-17T22:00:00.000Z",
    "Next_Port_Required_ETA_LT_time": "2024-09-18T08:00:00.000Z",
    "Next_Port_Required_ETA_LT_timeZone": 2,
    "Next_Port_Required_ETA_LT_gmtTime": "2024-09-18T06:00:00.000Z",
    "Shore_Power_Connection_Start_Datetime_time": null,
    "Shore_Power_Connection_Start_Datetime_timeZone": null,
    "Shore_Power_Connection_Start_Datetime_gmtTime": null,
    "Shore_Power_Connection_End_Datetime_time": null,
    "Shore_Power_Connection_End_Datetime_timeZone": null,
    "Shore_Power_Connection_End_Datetime_gmtTime": null,
    "Delay_Start_time": null,
    "Delay_Start_timeZone": null,
    "Delay_Start_gmtTime": null,
    "Delay_End_time": null,
    "Delay_End_timeZone": null,
    "Delay_End_gmtTime": null,
    "syncStatus__clientNode": "not_synced",
    "status__clientNode": "submitted",
    "id__clientNode": "62087315-27d7-4884-ac69-f42088d319d1",
    "id": 2,
    "version__clientNode": 321
  },
  {
    "is_first_report__clientNode": false,
    "Vessel_Name": "ECO YOSEMITE PARK",
    "IMO_Number": "9877573",
    "Report_Type": "Noon Sea",
    "Berth_Status": null,
    "Report_Period": 24,
    "Load_Condition": "",
    "Voyage_No": "2407",
    "Next_Country": "Spain",
    "Next_Port": "Huelva",
    "Current_Country_Name": null,
    "Current_Port_Name": null,
    "Is_Outside_Port_Limit": null,
    "In_Transit": "",
    "Next_Port_Transit_Via": "CAPE OF GOOD HOPE",
    "Instructed_Speed_Value_knots": 12.5,
    "Observed_GPS_Distance_nm": 312,
    "Log_Distance_nm": null,
    "Drifting_Distance_nm": null,
    "Observed_distance_in_Beaufort_Scale_greater_than_5": null,
    "Distance_To_Go_nm": 10358,
    "Required_Speed_for_ETA_kn": 12.30166270783848,
    "Anchorage_hours_Hrs": null,
    "Is_Voyage_through_Ice": "",
    "Is_Voyage_for_Safety_of_Ship": "",
    "Reason_for_Safety_Voyage": null,
    "Is_STS_Ops": null,
    "Engine_Distance_nm": 316.2,
    "Cargo_Onbord_mt": 25898.9,
    "Deadweight_Carried_onboard_mt": 28359,
    "Displacement_mt": 38948,
    "Steaming_Hours": 24,
    "Salinty": 1.02,
    "Ballast": 200,
    "Comments": "NOON TO NOON REPORT",
    "Master_Name": "ELMER C DANTES",
    "CE_Name": "NEAL C RIDOR",
    "Mean_Draught_m": 9.2,
    "Forward_Draught_m": 8.7,
    "Afterward_Draught_m": 9.7,
    "Beaufort_force": "3",
    "Wind_coming_From_degree_True_Wind_Direction": 180,
    "Wave_height_m": 0.3,
    "Waves_going_towards_Degree_True_Swell_Direction": 180,
    "Vessel_Heading_Degree_Absolue_Direction": 310,
    "Sea_Water_Temp_deg_C": 30,
    "Barometric_Pressure_millibar": 1018,
    "Engine_Room_Temp_deg_C": 39,
    "Atmosphere_Air_Temp_deg_C": 30,
    "Bar_Movement": "STEADY",
    "Sea_Direction": "S",
    "Swell_Direction": "S",
    "Wind_Direction": "S",
    "Current_Direction": "With",
    "Bad_Weather_Hours": null,
    "Bad_Weather_Distance": null,
    "Sea_Height": 0.5,
    "Swell_Height": 0.5,
    "Current": 1,
    "Propulsion_Hrs": 24,
    "ME_1_Average_RPM": 71.5,
    "ME_2_Average_RPM": null,
    "ME_1_Running_Hours": 24,
    "ME_2_Running_Hours": null,
    "ME_1_Shaft_Power_kW": 2900,
    "ME_2_Shaft_Power_kW": null,
    "ME_1_Shaft_Energy_kWh_Counter": null,
    "ME_2_Shaft_Energy_kWh_Counter": null,
    "ME_1_TC1_RPM": 10407,
    "ME_1_TC2_RPM": null,
    "ME_2_TC1_RPM": null,
    "ME_2_TC2_RPM": null,
    "ME_1_Scavenge_Air_Temp_deg_C": 36,
    "ME_2_Scavenge_Air_Temp_deg_C": null,
    "ME_1_Air_Cooler_Cooling_Water_inlet_Temp_deg_C": 33,
    "ME_2_Air_Cooler_Cooling_Water_inlet_Temp_deg_C": null,
    "ME_1_Scavenge_Air_Pressure_bar": 0.68,
    "ME_2_Scavenge_Air_Pressure_bar": null,
    "AE_1_Running_Hours": null,
    "AE_2_Running_Hours": 24,
    "AE_3_Running_Hours": null,
    "AE_4_Running_Hours": null,
    "AE_1_Power_kWh": null,
    "AE_2_Power_kWh": 11952,
    "AE_3_Power_kWh": null,
    "AE_4_Power_kWh": null,
    "Shore_Power_Used": "",
    "Shore_Power_Connection_Counter_kWh": null,
    "Total_Shore_Power_Energy_Consumed_Since_Last_Report_kWh": null,
    "Boiler_1_Running_Hours": null,
    "Boiler_2_Running_Hours": null,
    "Boiler_1_Steam_Pressure": null,
    "Boiler_2_Steam_Pressure": null,
    "Incinerator_Hours": null,
    "FW_Generator_Hours": 24,
    "CLO_Bunkered_De_Dunkered_litres": "",
    "ROB_Of_CLO_litres": null,
    "MECC_Bunkered_De_bunkered_litres": null,
    "ROB_Of_MECC_litres": null,
    "Qty_Of_MECC_Used_litres": null,
    "AECC_Bunkered_De_bunkered_litres": null,
    "ROB_Of_AECC_litres": null,
    "Qty_Of_AECC_Used_litres": null,
    "ME_1_Qty_Of_CLO_Used_litres": 135,
    "ME_2_Qty_Of_CLO_Used_litres": null,
    "ME_1_CLO_Running_Condition": "Normal Operation",
    "ME_2_CLO_Running_Condition": "",
    "Distilled_Water_Received": null,
    "Distilled_Water_Consumed": null,
    "Distilled_Water_ROB": null,
    "Distilled_Water_Produced": null,
    "Fresh_Water_Received": null,
    "Fresh_Water_Consumed": 3,
    "Fresh_Water_ROB": 183,
    "Slops_Received": null,
    "Slops_ROB": null,
    "Charterer_Cleaning_Kit_Onboard": "",
    "Charterer_Cleaning_Chemical_ROB": null,
    "Delay_Duration": null,
    "Miles": null,
    "Delay_Type": "",
    "Reason_for_Delay": "",
    "Delay_Remarks": "",
    "Port_Activity_Template": "",
    "Current_report_closing_time_LT_time": "2024-08-14T12:00:00.000Z",
    "Current_report_closing_time_LT_timeZone": 8,
    "Current_report_closing_time_LT_gmtTime": "2024-08-14T04:00:00.000Z",
    "Position_lat_degree": 5,
    "Position_lat_minute": 24,
    "Position_lat_second": 48,
    "Position_lat_direction": "N",
    "Position_lng_degree": 98,
    "Position_lng_minute": 0,
    "Position_lng_second": 36,
    "Position_lng_direction": "E",
    "Port_ETD_LT_time": "2024-09-20T12:00:00.000Z",
    "Port_ETD_LT_timeZone": 2,
    "Port_ETD_LT_gmtTime": "2024-09-20T10:00:00.000Z",
    "Next_Port_best_ETA_LT_time": "2024-09-18T00:00:00.000Z",
    "Next_Port_best_ETA_LT_timeZone": 2,
    "Next_Port_best_ETA_LT_gmtTime": "2024-09-17T22:00:00.000Z",
    "Next_Port_Required_ETA_LT_time": "2024-09-18T08:00:00.000Z",
    "Next_Port_Required_ETA_LT_timeZone": 2,
    "Next_Port_Required_ETA_LT_gmtTime": "2024-09-18T06:00:00.000Z",
    "Shore_Power_Connection_Start_Datetime_time": null,
    "Shore_Power_Connection_Start_Datetime_timeZone": null,
    "Shore_Power_Connection_Start_Datetime_gmtTime": null,
    "Shore_Power_Connection_End_Datetime_time": null,
    "Shore_Power_Connection_End_Datetime_timeZone": null,
    "Shore_Power_Connection_End_Datetime_gmtTime": null,
    "Delay_Start_time": null,
    "Delay_Start_timeZone": null,
    "Delay_Start_gmtTime": null,
    "Delay_End_time": null,
    "Delay_End_timeZone": null,
    "Delay_End_gmtTime": null,
    "syncStatus__clientNode": "not_synced",
    "status__clientNode": "submitted",
    "id__clientNode": "62087315-27d7-4884-ac69-f42088d319d1",
    "id": 3,
    "version__clientNode": 321
  },
  {
    "is_first_report__clientNode": false,
    "Vessel_Name": "ECO YOSEMITE PARK",
    "IMO_Number": "9877573",
    "Report_Type": "Noon Sea",
    "Berth_Status": "",
    "Report_Period": 25,
    "Load_Condition": "",
    "Voyage_No": "2407",
    "Next_Country": "Spain",
    "Next_Port": "Huelva",
    "Current_Country_Name": "",
    "Current_Port_Name": "",
    "Is_Outside_Port_Limit": "",
    "In_Transit": "",
    "Next_Port_Transit_Via": "",
    "Instructed_Speed_Value_knots": 12.5,
    "Observed_GPS_Distance_nm": 317,
    "Log_Distance_nm": 288,
    "Drifting_Distance_nm": null,
    "Observed_distance_in_Beaufort_Scale_greater_than_5": null,
    "Distance_To_Go_nm": 10041,
    "Required_Speed_for_ETA_kn": 12.290085679314565,
    "Anchorage_hours_Hrs": null,
    "Is_Voyage_through_Ice": "",
    "Is_Voyage_for_Safety_of_Ship": "",
    "Reason_for_Safety_Voyage": "",
    "Is_STS_Ops": "",
    "Engine_Distance_nm": 317.7,
    "Cargo_Onbord_mt": 25898.9,
    "Deadweight_Carried_onboard_mt": 28359,
    "Displacement_mt": 38948,
    "Steaming_Hours": 25,
    "Salinty": 1.02,
    "Ballast": 200,
    "Comments": "1HR RETARD LAST NIGHT",
    "Master_Name": "ELMER C DANTES",
    "CE_Name": "NEAL C RIDOR",
    "Mean_Draught_m": 9.2,
    "Forward_Draught_m": 8.7,
    "Afterward_Draught_m": 9.7,
    "Beaufort_force": "3",
    "Wind_coming_From_degree_True_Wind_Direction": 0,
    "Wave_height_m": 1,
    "Waves_going_towards_Degree_True_Swell_Direction": 0,
    "Vessel_Heading_Degree_Absolue_Direction": 234,
    "Sea_Water_Temp_deg_C": 30,
    "Barometric_Pressure_millibar": 1016,
    "Engine_Room_Temp_deg_C": 39,
    "Atmosphere_Air_Temp_deg_C": 34,
    "Bar_Movement": "DECREASING",
    "Sea_Direction": "NW",
    "Swell_Direction": "N",
    "Wind_Direction": "NE",
    "Current_Direction": "With",
    "Bad_Weather_Hours": null,
    "Bad_Weather_Distance": null,
    "Sea_Height": 1,
    "Swell_Height": 1,
    "Current": 1,
    "Propulsion_Hrs": 25,
    "ME_1_Average_RPM": 69,
    "ME_2_Average_RPM": null,
    "ME_1_Running_Hours": 25,
    "ME_2_Running_Hours": null,
    "ME_1_Shaft_Power_kW": 2800,
    "ME_2_Shaft_Power_kW": null,
    "ME_1_Shaft_Energy_kWh_Counter": null,
    "ME_2_Shaft_Energy_kWh_Counter": null,
    "ME_1_TC1_RPM": 10132,
    "ME_1_TC2_RPM": null,
    "ME_2_TC1_RPM": null,
    "ME_2_TC2_RPM": null,
    "ME_1_Scavenge_Air_Temp_deg_C": 36,
    "ME_2_Scavenge_Air_Temp_deg_C": null,
    "ME_1_Air_Cooler_Cooling_Water_inlet_Temp_deg_C": 33,
    "ME_2_Air_Cooler_Cooling_Water_inlet_Temp_deg_C": null,
    "ME_1_Scavenge_Air_Pressure_bar": 0.67,
    "ME_2_Scavenge_Air_Pressure_bar": null,
    "AE_1_Running_Hours": null,
    "AE_2_Running_Hours": 25,
    "AE_3_Running_Hours": null,
    "AE_4_Running_Hours": null,
    "AE_1_Power_kWh": null,
    "AE_2_Power_kWh": 14550,
    "AE_3_Power_kWh": null,
    "AE_4_Power_kWh": null,
    "Shore_Power_Used": "",
    "Shore_Power_Connection_Counter_kWh": null,
    "Total_Shore_Power_Energy_Consumed_Since_Last_Report_kWh": null,
    "Boiler_1_Running_Hours": null,
    "Boiler_2_Running_Hours": null,
    "Boiler_1_Steam_Pressure": null,
    "Boiler_2_Steam_Pressure": null,
    "Incinerator_Hours": 8,
    "FW_Generator_Hours": 25,
    "CLO_Bunkered_De_Dunkered_litres": "",
    "ROB_Of_CLO_litres": null,
    "MECC_Bunkered_De_bunkered_litres": null,
    "ROB_Of_MECC_litres": null,
    "Qty_Of_MECC_Used_litres": null,
    "AECC_Bunkered_De_bunkered_litres": null,
    "ROB_Of_AECC_litres": null,
    "Qty_Of_AECC_Used_litres": null,
    "ME_1_Qty_Of_CLO_Used_litres": 120,
    "ME_2_Qty_Of_CLO_Used_litres": null,
    "ME_1_CLO_Running_Condition": "Normal Operation",
    "ME_2_CLO_Running_Condition": "",
    "Distilled_Water_Received": null,
    "Distilled_Water_Consumed": null,
    "Distilled_Water_ROB": null,
    "Distilled_Water_Produced": null,
    "Fresh_Water_Received": null,
    "Fresh_Water_Consumed": 3,
    "Fresh_Water_ROB": 191,
    "Slops_Received": null,
    "Slops_ROB": null,
    "Charterer_Cleaning_Kit_Onboard": "",
    "Charterer_Cleaning_Chemical_ROB": null,
    "Delay_Duration": "",
    "Miles": "",
    "Delay_Type": "",
    "Reason_for_Delay": "",
    "Delay_Remarks": "",
    "Port_Activity_Template": "",
    "Current_report_closing_time_LT_time": "2024-08-15T12:00:00.000Z",
    "Current_report_closing_time_LT_timeZone": 7,
    "Current_report_closing_time_LT_gmtTime": "2024-08-15T05:00:00.000Z",
    "Position_lat_degree": 4,
    "Position_lat_minute": 47,
    "Position_lat_second": 36,
    "Position_lat_direction": "N",
    "Position_lng_degree": 93,
    "Position_lng_minute": 18,
    "Position_lng_second": 54,
    "Position_lng_direction": "E",
    "Port_ETD_LT_time": "2024-09-20T12:00:00.000Z",
    "Port_ETD_LT_timeZone": 2,
    "Port_ETD_LT_gmtTime": "2024-09-20T10:00:00.000Z",
    "Next_Port_best_ETA_LT_time": "2024-09-18T08:00:00.000Z",
    "Next_Port_best_ETA_LT_timeZone": 2,
    "Next_Port_best_ETA_LT_gmtTime": "2024-09-18T06:00:00.000Z",
    "Next_Port_Required_ETA_LT_time": "2024-09-18T08:00:00.000Z",
    "Next_Port_Required_ETA_LT_timeZone": 2,
    "Next_Port_Required_ETA_LT_gmtTime": "2024-09-18T06:00:00.000Z",
    "Shore_Power_Connection_Start_Datetime_time": null,
    "Shore_Power_Connection_Start_Datetime_timeZone": null,
    "Shore_Power_Connection_Start_Datetime_gmtTime": null,
    "Shore_Power_Connection_End_Datetime_time": null,
    "Shore_Power_Connection_End_Datetime_timeZone": null,
    "Shore_Power_Connection_End_Datetime_gmtTime": null,
    "Delay_Start_time": null,
    "Delay_Start_timeZone": null,
    "Delay_Start_gmtTime": null,
    "Delay_End_time": null,
    "Delay_End_timeZone": null,
    "Delay_End_gmtTime": null,
    "syncStatus__clientNode": "not_synced",
    "status__clientNode": "submitted",
    "id__clientNode": "62087315-27d7-4884-ac69-f42088d319d1",
    "id": 4,
    "version__clientNode": 321
  },
  {
    "is_first_report__clientNode": false,
    "Vessel_Name": "ECO YOSEMITE PARK",
    "IMO_Number": "9877573",
    "Report_Type": "Noon Sea",
    "Berth_Status": null,
    "Report_Period": 24,
    "Load_Condition": "",
    "Voyage_No": "2704",
    "Next_Country": "Spain",
    "Next_Port": "Huelva",
    "Current_Country_Name": null,
    "Current_Port_Name": null,
    "Is_Outside_Port_Limit": null,
    "In_Transit": "",
    "Next_Port_Transit_Via": "CAPE OF GOOD HOPE",
    "Instructed_Speed_Value_knots": 12.5,
    "Observed_GPS_Distance_nm": 293,
    "Log_Distance_nm": 285,
    "Drifting_Distance_nm": null,
    "Observed_distance_in_Beaufort_Scale_greater_than_5": null,
    "Distance_To_Go_nm": 9748,
    "Required_Speed_for_ETA_kn": 12.292559899117276,
    "Anchorage_hours_Hrs": null,
    "Is_Voyage_through_Ice": "",
    "Is_Voyage_for_Safety_of_Ship": "",
    "Reason_for_Safety_Voyage": null,
    "Is_STS_Ops": null,
    "Engine_Distance_nm": 320.97,
    "Cargo_Onbord_mt": 25898.9,
    "Deadweight_Carried_onboard_mt": 28359,
    "Displacement_mt": 38948,
    "Steaming_Hours": 24,
    "Salinty": 1.02,
    "Ballast": 200,
    "Comments": "Noon to Noon report",
    "Master_Name": "ELMER DANTES",
    "CE_Name": "NEAL RIDOR",
    "Mean_Draught_m": 9.2,
    "Forward_Draught_m": 8.7,
    "Afterward_Draught_m": 9.7,
    "Beaufort_force": "3",
    "Wind_coming_From_degree_True_Wind_Direction": 135,
    "Wave_height_m": 1,
    "Waves_going_towards_Degree_True_Swell_Direction": 135,
    "Vessel_Heading_Degree_Absolue_Direction": 234,
    "Sea_Water_Temp_deg_C": 28,
    "Barometric_Pressure_millibar": 1017,
    "Engine_Room_Temp_deg_C": 39,
    "Atmosphere_Air_Temp_deg_C": 29,
    "Bar_Movement": "INCREASING",
    "Sea_Direction": "N",
    "Swell_Direction": "SE",
    "Wind_Direction": "SE",
    "Current_Direction": "To",
    "Bad_Weather_Hours": null,
    "Bad_Weather_Distance": null,
    "Sea_Height": 1,
    "Swell_Height": 1,
    "Current": 0.2,
    "Propulsion_Hrs": 24,
    "ME_1_Average_RPM": 72.6,
    "ME_2_Average_RPM": null,
    "ME_1_Running_Hours": 24,
    "ME_2_Running_Hours": null,
    "ME_1_Shaft_Power_kW": 3800,
    "ME_2_Shaft_Power_kW": null,
    "ME_1_Shaft_Energy_kWh_Counter": null,
    "ME_2_Shaft_Energy_kWh_Counter": null,
    "ME_1_TC1_RPM": 12764,
    "ME_1_TC2_RPM": null,
    "ME_2_TC1_RPM": null,
    "ME_2_TC2_RPM": null,
    "ME_1_Scavenge_Air_Temp_deg_C": 36,
    "ME_2_Scavenge_Air_Temp_deg_C": null,
    "ME_1_Air_Cooler_Cooling_Water_inlet_Temp_deg_C": 32,
    "ME_2_Air_Cooler_Cooling_Water_inlet_Temp_deg_C": null,
    "ME_1_Scavenge_Air_Pressure_bar": 1.13,
    "ME_2_Scavenge_Air_Pressure_bar": null,
    "AE_1_Running_Hours": null,
    "AE_2_Running_Hours": 24,
    "AE_3_Running_Hours": 12,
    "AE_4_Running_Hours": null,
    "AE_1_Power_kWh": null,
    "AE_2_Power_kWh": 14472,
    "AE_3_Power_kWh": 7296,
    "AE_4_Power_kWh": null,
    "Shore_Power_Used": "",
    "Shore_Power_Connection_Counter_kWh": null,
    "Total_Shore_Power_Energy_Consumed_Since_Last_Report_kWh": null,
    "Boiler_1_Running_Hours": 12,
    "Boiler_2_Running_Hours": null,
    "Boiler_1_Steam_Pressure": 6.95,
    "Boiler_2_Steam_Pressure": null,
    "Incinerator_Hours": null,
    "FW_Generator_Hours": 24,
    "CLO_Bunkered_De_Dunkered_litres": "",
    "ROB_Of_CLO_litres": null,
    "MECC_Bunkered_De_bunkered_litres": null,
    "ROB_Of_MECC_litres": null,
    "Qty_Of_MECC_Used_litres": null,
    "AECC_Bunkered_De_bunkered_litres": null,
    "ROB_Of_AECC_litres": null,
    "Qty_Of_AECC_Used_litres": null,
    "ME_1_Qty_Of_CLO_Used_litres": 135,
    "ME_2_Qty_Of_CLO_Used_litres": null,
    "ME_1_CLO_Running_Condition": "Normal Operation",
    "ME_2_CLO_Running_Condition": "",
    "Distilled_Water_Received": null,
    "Distilled_Water_Consumed": null,
    "Distilled_Water_ROB": null,
    "Distilled_Water_Produced": null,
    "Fresh_Water_Received": null,
    "Fresh_Water_Consumed": 3,
    "Fresh_Water_ROB": 198,
    "Slops_Received": null,
    "Slops_ROB": null,
    "Charterer_Cleaning_Kit_Onboard": "",
    "Charterer_Cleaning_Chemical_ROB": null,
    "Delay_Duration": null,
    "Miles": null,
    "Delay_Type": "",
    "Reason_for_Delay": "",
    "Delay_Remarks": "",
    "Port_Activity_Template": "",
    "Current_report_closing_time_LT_time": "2024-08-16T12:00:00.000Z",
    "Current_report_closing_time_LT_timeZone": 7,
    "Current_report_closing_time_LT_gmtTime": "2024-08-16T05:00:00.000Z",
    "Position_lat_degree": 1,
    "Position_lat_minute": 55,
    "Position_lat_second": 0,
    "Position_lat_direction": "N",
    "Position_lng_degree": 89,
    "Position_lng_minute": 23,
    "Position_lng_second": 42,
    "Position_lng_direction": "E",
    "Port_ETD_LT_time": "2024-09-20T12:00:00.000Z",
    "Port_ETD_LT_timeZone": 2,
    "Port_ETD_LT_gmtTime": "2024-09-20T10:00:00.000Z",
    "Next_Port_best_ETA_LT_time": "2024-09-18T08:00:00.000Z",
    "Next_Port_best_ETA_LT_timeZone": 2,
    "Next_Port_best_ETA_LT_gmtTime": "2024-09-18T06:00:00.000Z",
    "Next_Port_Required_ETA_LT_time": "2024-09-18T08:00:00.000Z",
    "Next_Port_Required_ETA_LT_timeZone": 2,
    "Next_Port_Required_ETA_LT_gmtTime": "2024-09-18T06:00:00.000Z",
    "Shore_Power_Connection_Start_Datetime_time": null,
    "Shore_Power_Connection_Start_Datetime_timeZone": null,
    "Shore_Power_Connection_Start_Datetime_gmtTime": null,
    "Shore_Power_Connection_End_Datetime_time": null,
    "Shore_Power_Connection_End_Datetime_timeZone": null,
    "Shore_Power_Connection_End_Datetime_gmtTime": null,
    "Delay_Start_time": null,
    "Delay_Start_timeZone": null,
    "Delay_Start_gmtTime": null,
    "Delay_End_time": null,
    "Delay_End_timeZone": null,
    "Delay_End_gmtTime": null,
    "syncStatus__clientNode": "not_synced",
    "status__clientNode": "modified_submitted",
    "id__clientNode": "62087315-27d7-4884-ac69-f42088d319d1",
    "id": 5,
    "version__clientNode": 321
  },
  {
    "is_first_report__clientNode": false,
    "Vessel_Name": "ECO YOSEMITE PARK",
    "IMO_Number": "9877573",
    "Report_Type": "Noon Sea",
    "Berth_Status": null,
    "Report_Period": 24,
    "Load_Condition": "",
    "Voyage_No": "2407",
    "Next_Country": "Spain",
    "Next_Port": "Huelva",
    "Current_Country_Name": null,
    "Current_Port_Name": null,
    "Is_Outside_Port_Limit": null,
    "In_Transit": "",
    "Next_Port_Transit_Via": "CAPE OF GOOD HOPE",
    "Instructed_Speed_Value_knots": 12.5,
    "Observed_GPS_Distance_nm": 276,
    "Log_Distance_nm": 272,
    "Drifting_Distance_nm": null,
    "Observed_distance_in_Beaufort_Scale_greater_than_5": 99,
    "Distance_To_Go_nm": 9472,
    "Required_Speed_for_ETA_kn": 12.317295188556567,
    "Anchorage_hours_Hrs": null,
    "Is_Voyage_through_Ice": "",
    "Is_Voyage_for_Safety_of_Ship": "",
    "Reason_for_Safety_Voyage": null,
    "Is_STS_Ops": null,
    "Engine_Distance_nm": 325.83,
    "Cargo_Onbord_mt": 25898.9,
    "Deadweight_Carried_onboard_mt": 28359,
    "Displacement_mt": 38948,
    "Steaming_Hours": 24,
    "Salinty": 1.02,
    "Ballast": 200,
    "Comments": "NOTE: AT 0200H VSL ENCOUNTERED SW'LY STRONG WINDS FORCE 6-7 UNTIL 1100H. ",
    "Master_Name": "ELMER C DANTES",
    "CE_Name": "NEAL C RIDOR",
    "Mean_Draught_m": 9.2,
    "Forward_Draught_m": 8.7,
    "Afterward_Draught_m": 9.7,
    "Beaufort_force": "5",
    "Wind_coming_From_degree_True_Wind_Direction": 225,
    "Wave_height_m": 2,
    "Waves_going_towards_Degree_True_Swell_Direction": 225,
    "Vessel_Heading_Degree_Absolue_Direction": 234,
    "Sea_Water_Temp_deg_C": 30,
    "Barometric_Pressure_millibar": 1016,
    "Engine_Room_Temp_deg_C": 39,
    "Atmosphere_Air_Temp_deg_C": 29,
    "Bar_Movement": "DECREASED",
    "Sea_Direction": "SSW",
    "Swell_Direction": "SW",
    "Wind_Direction": "SW",
    "Current_Direction": "To",
    "Bad_Weather_Hours": null,
    "Bad_Weather_Distance": null,
    "Sea_Height": 2,
    "Swell_Height": 2,
    "Current": 0.4,
    "Propulsion_Hrs": 24,
    "ME_1_Average_RPM": 73.7,
    "ME_2_Average_RPM": null,
    "ME_1_Running_Hours": 24,
    "ME_2_Running_Hours": null,
    "ME_1_Shaft_Power_kW": 3900,
    "ME_2_Shaft_Power_kW": null,
    "ME_1_Shaft_Energy_kWh_Counter": null,
    "ME_2_Shaft_Energy_kWh_Counter": null,
    "ME_1_TC1_RPM": 13216,
    "ME_1_TC2_RPM": null,
    "ME_2_TC1_RPM": null,
    "ME_2_TC2_RPM": null,
    "ME_1_Scavenge_Air_Temp_deg_C": 36,
    "ME_2_Scavenge_Air_Temp_deg_C": null,
    "ME_1_Air_Cooler_Cooling_Water_inlet_Temp_deg_C": 33,
    "ME_2_Air_Cooler_Cooling_Water_inlet_Temp_deg_C": null,
    "ME_1_Scavenge_Air_Pressure_bar": 1.24,
    "ME_2_Scavenge_Air_Pressure_bar": null,
    "AE_1_Running_Hours": null,
    "AE_2_Running_Hours": 9,
    "AE_3_Running_Hours": 24,
    "AE_4_Running_Hours": null,
    "AE_1_Power_kWh": null,
    "AE_2_Power_kWh": 5427,
    "AE_3_Power_kWh": 14328,
    "AE_4_Power_kWh": null,
    "Shore_Power_Used": "",
    "Shore_Power_Connection_Counter_kWh": null,
    "Total_Shore_Power_Energy_Consumed_Since_Last_Report_kWh": null,
    "Boiler_1_Running_Hours": 9,
    "Boiler_2_Running_Hours": null,
    "Boiler_1_Steam_Pressure": 6.95,
    "Boiler_2_Steam_Pressure": null,
    "Incinerator_Hours": 8,
    "FW_Generator_Hours": 24,
    "CLO_Bunkered_De_Dunkered_litres": "",
    "ROB_Of_CLO_litres": null,
    "MECC_Bunkered_De_bunkered_litres": null,
    "ROB_Of_MECC_litres": null,
    "Qty_Of_MECC_Used_litres": null,
    "AECC_Bunkered_De_bunkered_litres": null,
    "ROB_Of_AECC_litres": null,
    "Qty_Of_AECC_Used_litres": null,
    "ME_1_Qty_Of_CLO_Used_litres": 138,
    "ME_2_Qty_Of_CLO_Used_litres": null,
    "ME_1_CLO_Running_Condition": "Normal Operation",
    "ME_2_CLO_Running_Condition": "",
    "Distilled_Water_Received": null,
    "Distilled_Water_Consumed": 4,
    "Distilled_Water_ROB": 204,
    "Distilled_Water_Produced": 10,
    "Fresh_Water_Received": null,
    "Fresh_Water_Consumed": null,
    "Fresh_Water_ROB": null,
    "Slops_Received": null,
    "Slops_ROB": null,
    "Charterer_Cleaning_Kit_Onboard": "",
    "Charterer_Cleaning_Chemical_ROB": null,
    "Delay_Duration": null,
    "Miles": null,
    "Delay_Type": "",
    "Reason_for_Delay": "",
    "Delay_Remarks": "",
    "Port_Activity_Template": "",
    "Current_report_closing_time_LT_time": "2024-08-17T12:00:00.000Z",
    "Current_report_closing_time_LT_timeZone": 7,
    "Current_report_closing_time_LT_gmtTime": "2024-08-17T05:00:00.000Z",
    "Position_lat_degree": 0,
    "Position_lat_minute": 48,
    "Position_lat_second": 24,
    "Position_lat_direction": "S",
    "Position_lng_degree": 85,
    "Position_lng_minute": 41,
    "Position_lng_second": 48,
    "Position_lng_direction": "E",
    "Port_ETD_LT_time": "2024-09-20T12:00:00.000Z",
    "Port_ETD_LT_timeZone": 2,
    "Port_ETD_LT_gmtTime": "2024-09-20T10:00:00.000Z",
    "Next_Port_best_ETA_LT_time": "2024-09-18T08:00:00.000Z",
    "Next_Port_best_ETA_LT_timeZone": 2,
    "Next_Port_best_ETA_LT_gmtTime": "2024-09-18T06:00:00.000Z",
    "Next_Port_Required_ETA_LT_time": "2024-09-18T08:00:00.000Z",
    "Next_Port_Required_ETA_LT_timeZone": 2,
    "Next_Port_Required_ETA_LT_gmtTime": "2024-09-18T06:00:00.000Z",
    "Shore_Power_Connection_Start_Datetime_time": null,
    "Shore_Power_Connection_Start_Datetime_timeZone": null,
    "Shore_Power_Connection_Start_Datetime_gmtTime": null,
    "Shore_Power_Connection_End_Datetime_time": null,
    "Shore_Power_Connection_End_Datetime_timeZone": null,
    "Shore_Power_Connection_End_Datetime_gmtTime": null,
    "Delay_Start_time": null,
    "Delay_Start_timeZone": null,
    "Delay_Start_gmtTime": null,
    "Delay_End_time": null,
    "Delay_End_timeZone": null,
    "Delay_End_gmtTime": null,
    "syncStatus__clientNode": "not_synced",
    "status__clientNode": "submitted",
    "id__clientNode": "62087315-27d7-4884-ac69-f42088d319d1",
    "id": 6,
    "version__clientNode": 321
  },
  {
    "is_first_report__clientNode": false,
    "Vessel_Name": "ECO YOSEMITE PARK",
    "IMO_Number": "9877573",
    "Report_Type": "Noon Sea",
    "Berth_Status": null,
    "Report_Period": 25,
    "Load_Condition": "",
    "Voyage_No": "2704",
    "Next_Country": "Spain",
    "Next_Port": "Huelva",
    "Current_Country_Name": null,
    "Current_Port_Name": null,
    "Is_Outside_Port_Limit": null,
    "In_Transit": "",
    "Next_Port_Transit_Via": "CAPE OF GOOD HOPE",
    "Instructed_Speed_Value_knots": 12.5,
    "Observed_GPS_Distance_nm": 299,
    "Log_Distance_nm": 297,
    "Drifting_Distance_nm": null,
    "Observed_distance_in_Beaufort_Scale_greater_than_5": null,
    "Distance_To_Go_nm": 9173,
    "Required_Speed_for_ETA_kn": 12.329301075268818,
    "Anchorage_hours_Hrs": null,
    "Is_Voyage_through_Ice": "",
    "Is_Voyage_for_Safety_of_Ship": "",
    "Reason_for_Safety_Voyage": null,
    "Is_STS_Ops": null,
    "Engine_Distance_nm": 338.49,
    "Cargo_Onbord_mt": 25898.9,
    "Deadweight_Carried_onboard_mt": 28359,
    "Displacement_mt": 38948,
    "Steaming_Hours": 25,
    "Salinty": 1.02,
    "Ballast": 200,
    "Comments": "1HR RETARD LAST NIGHT",
    "Master_Name": "ELMER C DANTES",
    "CE_Name": "NEAL C RIDOR",
    "Mean_Draught_m": 9.2,
    "Forward_Draught_m": 8.7,
    "Afterward_Draught_m": 9.7,
    "Beaufort_force": "2",
    "Wind_coming_From_degree_True_Wind_Direction": 112.5,
    "Wave_height_m": 1,
    "Waves_going_towards_Degree_True_Swell_Direction": 112.5,
    "Vessel_Heading_Degree_Absolue_Direction": 234,
    "Sea_Water_Temp_deg_C": 30,
    "Barometric_Pressure_millibar": 1018,
    "Engine_Room_Temp_deg_C": 39,
    "Atmosphere_Air_Temp_deg_C": 33,
    "Bar_Movement": "INCREASING",
    "Sea_Direction": "NW",
    "Swell_Direction": "ESE",
    "Wind_Direction": "ESE",
    "Current_Direction": "With",
    "Bad_Weather_Hours": null,
    "Bad_Weather_Distance": null,
    "Sea_Height": 1,
    "Swell_Height": 1,
    "Current": 0.4,
    "Propulsion_Hrs": 25,
    "ME_1_Average_RPM": 73.5,
    "ME_2_Average_RPM": null,
    "ME_1_Running_Hours": 25,
    "ME_2_Running_Hours": null,
    "ME_1_Shaft_Power_kW": 3900,
    "ME_2_Shaft_Power_kW": null,
    "ME_1_Shaft_Energy_kWh_Counter": null,
    "ME_2_Shaft_Energy_kWh_Counter": null,
    "ME_1_TC1_RPM": 12817,
    "ME_1_TC2_RPM": null,
    "ME_2_TC1_RPM": null,
    "ME_2_TC2_RPM": null,
    "ME_1_Scavenge_Air_Temp_deg_C": 36,
    "ME_2_Scavenge_Air_Temp_deg_C": null,
    "ME_1_Air_Cooler_Cooling_Water_inlet_Temp_deg_C": 33,
    "ME_2_Air_Cooler_Cooling_Water_inlet_Temp_deg_C": null,
    "ME_1_Scavenge_Air_Pressure_bar": 1.11,
    "ME_2_Scavenge_Air_Pressure_bar": null,
    "AE_1_Running_Hours": null,
    "AE_2_Running_Hours": null,
    "AE_3_Running_Hours": 25,
    "AE_4_Running_Hours": null,
    "AE_1_Power_kWh": null,
    "AE_2_Power_kWh": null,
    "AE_3_Power_kWh": 14400,
    "AE_4_Power_kWh": null,
    "Shore_Power_Used": "",
    "Shore_Power_Connection_Counter_kWh": null,
    "Total_Shore_Power_Energy_Consumed_Since_Last_Report_kWh": null,
    "Boiler_1_Running_Hours": 0,
    "Boiler_2_Running_Hours": null,
    "Boiler_1_Steam_Pressure": 6.8,
    "Boiler_2_Steam_Pressure": null,
    "Incinerator_Hours": 8,
    "FW_Generator_Hours": 24,
    "CLO_Bunkered_De_Dunkered_litres": "",
    "ROB_Of_CLO_litres": null,
    "MECC_Bunkered_De_bunkered_litres": null,
    "ROB_Of_MECC_litres": null,
    "Qty_Of_MECC_Used_litres": null,
    "AECC_Bunkered_De_bunkered_litres": null,
    "ROB_Of_AECC_litres": null,
    "Qty_Of_AECC_Used_litres": null,
    "ME_1_Qty_Of_CLO_Used_litres": 139,
    "ME_2_Qty_Of_CLO_Used_litres": null,
    "ME_1_CLO_Running_Condition": "Normal Operation",
    "ME_2_CLO_Running_Condition": "",
    "Distilled_Water_Received": null,
    "Distilled_Water_Consumed": 3,
    "Distilled_Water_ROB": 211,
    "Distilled_Water_Produced": 10,
    "Fresh_Water_Received": null,
    "Fresh_Water_Consumed": null,
    "Fresh_Water_ROB": null,
    "Slops_Received": null,
    "Slops_ROB": null,
    "Charterer_Cleaning_Kit_Onboard": "",
    "Charterer_Cleaning_Chemical_ROB": null,
    "Delay_Duration": "",
    "Miles": "",
    "Delay_Type": "",
    "Reason_for_Delay": "",
    "Delay_Remarks": "",
    "Port_Activity_Template": "",
    "Current_report_closing_time_LT_time": "2024-08-18T12:00:00.000Z",
    "Current_report_closing_time_LT_timeZone": 6,
    "Current_report_closing_time_LT_gmtTime": "2024-08-18T06:00:00.000Z",
    "Position_lat_degree": 3,
    "Position_lat_minute": 44,
    "Position_lat_second": 24,
    "Position_lat_direction": "S",
    "Position_lng_degree": 81,
    "Position_lng_minute": 42,
    "Position_lng_second": 6,
    "Position_lng_direction": "E",
    "Port_ETD_LT_time": "2024-09-20T12:00:00.000Z",
    "Port_ETD_LT_timeZone": 2,
    "Port_ETD_LT_gmtTime": "2024-09-20T10:00:00.000Z",
    "Next_Port_best_ETA_LT_time": "2024-09-18T08:00:00.000Z",
    "Next_Port_best_ETA_LT_timeZone": 2,
    "Next_Port_best_ETA_LT_gmtTime": "2024-09-18T06:00:00.000Z",
    "Next_Port_Required_ETA_LT_time": "2024-09-18T08:00:00.000Z",
    "Next_Port_Required_ETA_LT_timeZone": 2,
    "Next_Port_Required_ETA_LT_gmtTime": "2024-09-18T06:00:00.000Z",
    "Shore_Power_Connection_Start_Datetime_time": null,
    "Shore_Power_Connection_Start_Datetime_timeZone": null,
    "Shore_Power_Connection_Start_Datetime_gmtTime": null,
    "Shore_Power_Connection_End_Datetime_time": null,
    "Shore_Power_Connection_End_Datetime_timeZone": null,
    "Shore_Power_Connection_End_Datetime_gmtTime": null,
    "Delay_Start_time": null,
    "Delay_Start_timeZone": null,
    "Delay_Start_gmtTime": null,
    "Delay_End_time": null,
    "Delay_End_timeZone": null,
    "Delay_End_gmtTime": null,
    "syncStatus__clientNode": "not_synced",
    "status__clientNode": "submitted",
    "id__clientNode": "62087315-27d7-4884-ac69-f42088d319d1",
    "id": 7,
    "version__clientNode": 321
  },
  {
    "is_first_report__clientNode": false,
    "Vessel_Name": "ECO YOSEMITE PARK",
    "IMO_Number": "9877573",
    "Report_Type": "Noon Sea",
    "Berth_Status": null,
    "Report_Period": 24,
    "Load_Condition": "",
    "Voyage_No": "2407",
    "Next_Country": "Spain",
    "Next_Port": "Huelva",
    "Current_Country_Name": null,
    "Current_Port_Name": null,
    "Is_Outside_Port_Limit": null,
    "In_Transit": "",
    "Next_Port_Transit_Via": "CAPE OF GOOD HOPE",
    "Instructed_Speed_Value_knots": 12.5,
    "Observed_GPS_Distance_nm": 302,
    "Log_Distance_nm": 289,
    "Drifting_Distance_nm": null,
    "Observed_distance_in_Beaufort_Scale_greater_than_5": null,
    "Distance_To_Go_nm": 8871,
    "Required_Speed_for_ETA_kn": 12.320833333333333,
    "Anchorage_hours_Hrs": null,
    "Is_Voyage_through_Ice": "",
    "Is_Voyage_for_Safety_of_Ship": "",
    "Reason_for_Safety_Voyage": null,
    "Is_STS_Ops": null,
    "Engine_Distance_nm": 321.41,
    "Cargo_Onbord_mt": 25898.9,
    "Deadweight_Carried_onboard_mt": 28359,
    "Displacement_mt": 38948,
    "Steaming_Hours": 24,
    "Salinty": 1.02,
    "Ballast": 200,
    "Comments": "",
    "Master_Name": "ELMER C DANTES",
    "CE_Name": "NEAL C RIDOR",
    "Mean_Draught_m": 9.2,
    "Forward_Draught_m": 8.7,
    "Afterward_Draught_m": 9.7,
    "Beaufort_force": "3",
    "Wind_coming_From_degree_True_Wind_Direction": 45,
    "Wave_height_m": 1,
    "Waves_going_towards_Degree_True_Swell_Direction": 45,
    "Vessel_Heading_Degree_Absolue_Direction": 234,
    "Sea_Water_Temp_deg_C": 29,
    "Barometric_Pressure_millibar": 1018,
    "Engine_Room_Temp_deg_C": 39,
    "Atmosphere_Air_Temp_deg_C": 30,
    "Bar_Movement": "STEADY",
    "Sea_Direction": "NW",
    "Swell_Direction": "NE",
    "Wind_Direction": "NE",
    "Current_Direction": "With",
    "Bad_Weather_Hours": null,
    "Bad_Weather_Distance": null,
    "Sea_Height": 1,
    "Swell_Height": 1,
    "Current": 0.2,
    "Propulsion_Hrs": 24,
    "ME_1_Average_RPM": 72.7,
    "ME_2_Average_RPM": null,
    "ME_1_Running_Hours": 24,
    "ME_2_Running_Hours": null,
    "ME_1_Shaft_Power_kW": 3800,
    "ME_2_Shaft_Power_kW": null,
    "ME_1_Shaft_Energy_kWh_Counter": null,
    "ME_2_Shaft_Energy_kWh_Counter": null,
    "ME_1_TC1_RPM": 12722,
    "ME_1_TC2_RPM": null,
    "ME_2_TC1_RPM": null,
    "ME_2_TC2_RPM": null,
    "ME_1_Scavenge_Air_Temp_deg_C": 37,
    "ME_2_Scavenge_Air_Temp_deg_C": null,
    "ME_1_Air_Cooler_Cooling_Water_inlet_Temp_deg_C": 33,
    "ME_2_Air_Cooler_Cooling_Water_inlet_Temp_deg_C": null,
    "ME_1_Scavenge_Air_Pressure_bar": 1.1,
    "ME_2_Scavenge_Air_Pressure_bar": null,
    "AE_1_Running_Hours": null,
    "AE_2_Running_Hours": 4,
    "AE_3_Running_Hours": 24,
    "AE_4_Running_Hours": null,
    "AE_1_Power_kWh": null,
    "AE_2_Power_kWh": 2440,
    "AE_3_Power_kWh": 14520,
    "AE_4_Power_kWh": null,
    "Shore_Power_Used": "",
    "Shore_Power_Connection_Counter_kWh": null,
    "Total_Shore_Power_Energy_Consumed_Since_Last_Report_kWh": null,
    "Boiler_1_Running_Hours": 4,
    "Boiler_2_Running_Hours": null,
    "Boiler_1_Steam_Pressure": 6.9,
    "Boiler_2_Steam_Pressure": null,
    "Incinerator_Hours": 8,
    "FW_Generator_Hours": 24,
    "CLO_Bunkered_De_Dunkered_litres": "",
    "ROB_Of_CLO_litres": null,
    "MECC_Bunkered_De_bunkered_litres": null,
    "ROB_Of_MECC_litres": null,
    "Qty_Of_MECC_Used_litres": null,
    "AECC_Bunkered_De_bunkered_litres": null,
    "ROB_Of_AECC_litres": null,
    "Qty_Of_AECC_Used_litres": null,
    "ME_1_Qty_Of_CLO_Used_litres": 138,
    "ME_2_Qty_Of_CLO_Used_litres": null,
    "ME_1_CLO_Running_Condition": "Normal Operation",
    "ME_2_CLO_Running_Condition": "",
    "Distilled_Water_Received": null,
    "Distilled_Water_Consumed": 4,
    "Distilled_Water_ROB": 217,
    "Distilled_Water_Produced": 10,
    "Fresh_Water_Received": null,
    "Fresh_Water_Consumed": null,
    "Fresh_Water_ROB": null,
    "Slops_Received": null,
    "Slops_ROB": null,
    "Charterer_Cleaning_Kit_Onboard": "",
    "Charterer_Cleaning_Chemical_ROB": null,
    "Delay_Duration": null,
    "Miles": null,
    "Delay_Type": "",
    "Reason_for_Delay": "",
    "Delay_Remarks": "",
    "Port_Activity_Template": "",
    "Current_report_closing_time_LT_time": "2024-08-19T12:00:00.000Z",
    "Current_report_closing_time_LT_timeZone": 6,
    "Current_report_closing_time_LT_gmtTime": "2024-08-19T06:00:00.000Z",
    "Position_lat_degree": 6,
    "Position_lat_minute": 42,
    "Position_lat_second": 48,
    "Position_lat_direction": "S",
    "Position_lng_degree": 77,
    "Position_lng_minute": 38,
    "Position_lng_second": 12,
    "Position_lng_direction": "E",
    "Port_ETD_LT_time": "2024-09-20T12:00:00.000Z",
    "Port_ETD_LT_timeZone": 2,
    "Port_ETD_LT_gmtTime": "2024-09-20T10:00:00.000Z",
    "Next_Port_best_ETA_LT_time": "2024-09-18T08:00:00.000Z",
    "Next_Port_best_ETA_LT_timeZone": 2,
    "Next_Port_best_ETA_LT_gmtTime": "2024-09-18T06:00:00.000Z",
    "Next_Port_Required_ETA_LT_time": "2024-09-18T08:00:00.000Z",
    "Next_Port_Required_ETA_LT_timeZone": 2,
    "Next_Port_Required_ETA_LT_gmtTime": "2024-09-18T06:00:00.000Z",
    "Shore_Power_Connection_Start_Datetime_time": null,
    "Shore_Power_Connection_Start_Datetime_timeZone": null,
    "Shore_Power_Connection_Start_Datetime_gmtTime": null,
    "Shore_Power_Connection_End_Datetime_time": null,
    "Shore_Power_Connection_End_Datetime_timeZone": null,
    "Shore_Power_Connection_End_Datetime_gmtTime": null,
    "Delay_Start_time": null,
    "Delay_Start_timeZone": null,
    "Delay_Start_gmtTime": null,
    "Delay_End_time": null,
    "Delay_End_timeZone": null,
    "Delay_End_gmtTime": null,
    "syncStatus__clientNode": "not_synced",
    "status__clientNode": "submitted",
    "id__clientNode": "62087315-27d7-4884-ac69-f42088d319d1",
    "id": 8,
    "version__clientNode": 321
  },
  {
    "is_first_report__clientNode": false,
    "Vessel_Name": "ECO YOSEMITE PARK",
    "IMO_Number": "9877573",
    "Report_Type": "Noon Sea",
    "Berth_Status": null,
    "Report_Period": 24,
    "Load_Condition": "",
    "Voyage_No": "2407",
    "Next_Country": "Spain",
    "Next_Port": "Huelva",
    "Current_Country_Name": null,
    "Current_Port_Name": null,
    "Is_Outside_Port_Limit": null,
    "In_Transit": "",
    "Next_Port_Transit_Via": "CAPE OF GOOD HOPE",
    "Instructed_Speed_Value_knots": 12.5,
    "Observed_GPS_Distance_nm": 304,
    "Log_Distance_nm": 295,
    "Drifting_Distance_nm": null,
    "Observed_distance_in_Beaufort_Scale_greater_than_5": null,
    "Distance_To_Go_nm": 8567,
    "Required_Speed_for_ETA_kn": 12.308908045977011,
    "Anchorage_hours_Hrs": null,
    "Is_Voyage_through_Ice": "",
    "Is_Voyage_for_Safety_of_Ship": "",
    "Reason_for_Safety_Voyage": null,
    "Is_STS_Ops": null,
    "Engine_Distance_nm": 322.3,
    "Cargo_Onbord_mt": 25898.9,
    "Deadweight_Carried_onboard_mt": 28359,
    "Displacement_mt": 38948,
    "Steaming_Hours": 24,
    "Salinty": 1.02,
    "Ballast": 200,
    "Comments": "",
    "Master_Name": "ELMER C DANTES",
    "CE_Name": "NEAL C RIDOR",
    "Mean_Draught_m": 9.2,
    "Forward_Draught_m": 8.7,
    "Afterward_Draught_m": 9.7,
    "Beaufort_force": "3",
    "Wind_coming_From_degree_True_Wind_Direction": 180,
    "Wave_height_m": 1,
    "Waves_going_towards_Degree_True_Swell_Direction": 180,
    "Vessel_Heading_Degree_Absolue_Direction": 234,
    "Sea_Water_Temp_deg_C": 28,
    "Barometric_Pressure_millibar": 1016,
    "Engine_Room_Temp_deg_C": 35,
    "Atmosphere_Air_Temp_deg_C": 28,
    "Bar_Movement": "DECREASING",
    "Sea_Direction": "WSW",
    "Swell_Direction": "S",
    "Wind_Direction": "S",
    "Current_Direction": "With",
    "Bad_Weather_Hours": null,
    "Bad_Weather_Distance": null,
    "Sea_Height": 1,
    "Swell_Height": 1,
    "Current": 1,
    "Propulsion_Hrs": 24,
    "ME_1_Average_RPM": 72.9,
    "ME_2_Average_RPM": null,
    "ME_1_Running_Hours": 24,
    "ME_2_Running_Hours": null,
    "ME_1_Shaft_Power_kW": 3800,
    "ME_2_Shaft_Power_kW": null,
    "ME_1_Shaft_Energy_kWh_Counter": null,
    "ME_2_Shaft_Energy_kWh_Counter": null,
    "ME_1_TC1_RPM": 12839,
    "ME_1_TC2_RPM": null,
    "ME_2_TC1_RPM": null,
    "ME_2_TC2_RPM": null,
    "ME_1_Scavenge_Air_Temp_deg_C": 38,
    "ME_2_Scavenge_Air_Temp_deg_C": null,
    "ME_1_Air_Cooler_Cooling_Water_inlet_Temp_deg_C": 33,
    "ME_2_Air_Cooler_Cooling_Water_inlet_Temp_deg_C": null,
    "ME_1_Scavenge_Air_Pressure_bar": 1.16,
    "ME_2_Scavenge_Air_Pressure_bar": null,
    "AE_1_Running_Hours": null,
    "AE_2_Running_Hours": 9,
    "AE_3_Running_Hours": 24,
    "AE_4_Running_Hours": null,
    "AE_1_Power_kWh": null,
    "AE_2_Power_kWh": 5499,
    "AE_3_Power_kWh": 14640,
    "AE_4_Power_kWh": null,
    "Shore_Power_Used": "",
    "Shore_Power_Connection_Counter_kWh": null,
    "Total_Shore_Power_Energy_Consumed_Since_Last_Report_kWh": null,
    "Boiler_1_Running_Hours": 9,
    "Boiler_2_Running_Hours": null,
    "Boiler_1_Steam_Pressure": 6.9,
    "Boiler_2_Steam_Pressure": null,
    "Incinerator_Hours": null,
    "FW_Generator_Hours": 24,
    "CLO_Bunkered_De_Dunkered_litres": "",
    "ROB_Of_CLO_litres": null,
    "MECC_Bunkered_De_bunkered_litres": null,
    "ROB_Of_MECC_litres": null,
    "Qty_Of_MECC_Used_litres": null,
    "AECC_Bunkered_De_bunkered_litres": null,
    "ROB_Of_AECC_litres": null,
    "Qty_Of_AECC_Used_litres": null,
    "ME_1_Qty_Of_CLO_Used_litres": 132,
    "ME_2_Qty_Of_CLO_Used_litres": null,
    "ME_1_CLO_Running_Condition": "Normal Operation",
    "ME_2_CLO_Running_Condition": "",
    "Distilled_Water_Received": null,
    "Distilled_Water_Consumed": 19,
    "Distilled_Water_ROB": 207,
    "Distilled_Water_Produced": 9,
    "Fresh_Water_Received": null,
    "Fresh_Water_Consumed": null,
    "Fresh_Water_ROB": null,
    "Slops_Received": null,
    "Slops_ROB": null,
    "Charterer_Cleaning_Kit_Onboard": "",
    "Charterer_Cleaning_Chemical_ROB": null,
    "Delay_Duration": null,
    "Miles": null,
    "Delay_Type": "",
    "Reason_for_Delay": "",
    "Delay_Remarks": "",
    "Port_Activity_Template": "",
    "Current_report_closing_time_LT_time": "2024-08-20T12:00:00.000Z",
    "Current_report_closing_time_LT_timeZone": 6,
    "Current_report_closing_time_LT_gmtTime": "2024-08-20T06:00:00.000Z",
    "Position_lat_degree": 9,
    "Position_lat_minute": 41,
    "Position_lat_second": 42,
    "Position_lat_direction": "S",
    "Position_lng_degree": 73,
    "Position_lng_minute": 30,
    "Position_lng_second": 54,
    "Position_lng_direction": "E",
    "Port_ETD_LT_time": "2024-09-20T12:00:00.000Z",
    "Port_ETD_LT_timeZone": 2,
    "Port_ETD_LT_gmtTime": "2024-09-20T10:00:00.000Z",
    "Next_Port_best_ETA_LT_time": "2024-09-18T08:00:00.000Z",
    "Next_Port_best_ETA_LT_timeZone": 2,
    "Next_Port_best_ETA_LT_gmtTime": "2024-09-18T06:00:00.000Z",
    "Next_Port_Required_ETA_LT_time": "2024-09-18T08:00:00.000Z",
    "Next_Port_Required_ETA_LT_timeZone": 2,
    "Next_Port_Required_ETA_LT_gmtTime": "2024-09-18T06:00:00.000Z",
    "Shore_Power_Connection_Start_Datetime_time": null,
    "Shore_Power_Connection_Start_Datetime_timeZone": null,
    "Shore_Power_Connection_Start_Datetime_gmtTime": null,
    "Shore_Power_Connection_End_Datetime_time": null,
    "Shore_Power_Connection_End_Datetime_timeZone": null,
    "Shore_Power_Connection_End_Datetime_gmtTime": null,
    "Delay_Start_time": null,
    "Delay_Start_timeZone": null,
    "Delay_Start_gmtTime": null,
    "Delay_End_time": null,
    "Delay_End_timeZone": null,
    "Delay_End_gmtTime": null,
    "syncStatus__clientNode": "not_synced",
    "status__clientNode": "submitted",
    "id__clientNode": "62087315-27d7-4884-ac69-f42088d319d1",
    "id": 9,
    "version__clientNode": 321
  },
  {
    "is_first_report__clientNode": false,
    "Vessel_Name": "ECO YOSEMITE PARK",
    "IMO_Number": "9877573",
    "Report_Type": "Noon Sea",
    "Berth_Status": null,
    "Report_Period": 25,
    "Load_Condition": "",
    "Voyage_No": "2407",
    "Next_Country": "Spain",
    "Next_Port": "Huelva",
    "Current_Country_Name": null,
    "Current_Port_Name": null,
    "Is_Outside_Port_Limit": null,
    "In_Transit": "",
    "Next_Port_Transit_Via": "CAPE OF GOOD HOPE",
    "Instructed_Speed_Value_knots": 12.5,
    "Observed_GPS_Distance_nm": 302,
    "Log_Distance_nm": 279,
    "Drifting_Distance_nm": null,
    "Observed_distance_in_Beaufort_Scale_greater_than_5": 140,
    "Distance_To_Go_nm": 8265,
    "Required_Speed_for_ETA_kn": 12.317436661698956,
    "Anchorage_hours_Hrs": null,
    "Is_Voyage_through_Ice": "",
    "Is_Voyage_for_Safety_of_Ship": "",
    "Reason_for_Safety_Voyage": null,
    "Is_STS_Ops": null,
    "Engine_Distance_nm": 331.58,
    "Cargo_Onbord_mt": 25898.9,
    "Deadweight_Carried_onboard_mt": 28359,
    "Displacement_mt": 38948,
    "Steaming_Hours": 25,
    "Salinty": 1.02,
    "Ballast": 200,
    "Comments": "1 HR RETARD LAST NIGHT\nVESSEL ROLLING AND PITCHING HEAVILY DUE TO SE'LY BIG WAVES ",
    "Master_Name": "ELMER C DANTES",
    "CE_Name": "NEAL C RIDOR",
    "Mean_Draught_m": 9.2,
    "Forward_Draught_m": 8.7,
    "Afterward_Draught_m": 9.7,
    "Beaufort_force": "6",
    "Wind_coming_From_degree_True_Wind_Direction": 135,
    "Wave_height_m": 3.5,
    "Waves_going_towards_Degree_True_Swell_Direction": 135,
    "Vessel_Heading_Degree_Absolue_Direction": 234,
    "Sea_Water_Temp_deg_C": 28,
    "Barometric_Pressure_millibar": 1020,
    "Engine_Room_Temp_deg_C": 35,
    "Atmosphere_Air_Temp_deg_C": 25,
    "Bar_Movement": "",
    "Sea_Direction": "WNW",
    "Swell_Direction": "SE",
    "Wind_Direction": "SE",
    "Current_Direction": "To",
    "Bad_Weather_Hours": null,
    "Bad_Weather_Distance": null,
    "Sea_Height": 3.5,
    "Swell_Height": 3.5,
    "Current": 1.2,
    "Propulsion_Hrs": 25,
    "ME_1_Average_RPM": 72,
    "ME_2_Average_RPM": null,
    "ME_1_Running_Hours": 25,
    "ME_2_Running_Hours": null,
    "ME_1_Shaft_Power_kW": 4000,
    "ME_2_Shaft_Power_kW": null,
    "ME_1_Shaft_Energy_kWh_Counter": null,
    "ME_2_Shaft_Energy_kWh_Counter": null,
    "ME_1_TC1_RPM": 13026,
    "ME_1_TC2_RPM": null,
    "ME_2_TC1_RPM": null,
    "ME_2_TC2_RPM": null,
    "ME_1_Scavenge_Air_Temp_deg_C": 36,
    "ME_2_Scavenge_Air_Temp_deg_C": null,
    "ME_1_Air_Cooler_Cooling_Water_inlet_Temp_deg_C": 32,
    "ME_2_Air_Cooler_Cooling_Water_inlet_Temp_deg_C": null,
    "ME_1_Scavenge_Air_Pressure_bar": 1.2,
    "ME_2_Scavenge_Air_Pressure_bar": null,
    "AE_1_Running_Hours": null,
    "AE_2_Running_Hours": 25,
    "AE_3_Running_Hours": 5,
    "AE_4_Running_Hours": null,
    "AE_1_Power_kWh": null,
    "AE_2_Power_kWh": 15400,
    "AE_3_Power_kWh": 3110,
    "AE_4_Power_kWh": null,
    "Shore_Power_Used": "",
    "Shore_Power_Connection_Counter_kWh": null,
    "Total_Shore_Power_Energy_Consumed_Since_Last_Report_kWh": null,
    "Boiler_1_Running_Hours": 1,
    "Boiler_2_Running_Hours": null,
    "Boiler_1_Steam_Pressure": 6.9,
    "Boiler_2_Steam_Pressure": null,
    "Incinerator_Hours": 8,
    "FW_Generator_Hours": 24,
    "CLO_Bunkered_De_Dunkered_litres": "",
    "ROB_Of_CLO_litres": null,
    "MECC_Bunkered_De_bunkered_litres": null,
    "ROB_Of_MECC_litres": null,
    "Qty_Of_MECC_Used_litres": null,
    "AECC_Bunkered_De_bunkered_litres": null,
    "ROB_Of_AECC_litres": null,
    "Qty_Of_AECC_Used_litres": null,
    "ME_1_Qty_Of_CLO_Used_litres": 135,
    "ME_2_Qty_Of_CLO_Used_litres": null,
    "ME_1_CLO_Running_Condition": "Normal Operation",
    "ME_2_CLO_Running_Condition": "",
    "Distilled_Water_Received": null,
    "Distilled_Water_Consumed": 10,
    "Distilled_Water_ROB": 206,
    "Distilled_Water_Produced": 9,
    "Fresh_Water_Received": null,
    "Fresh_Water_Consumed": null,
    "Fresh_Water_ROB": null,
    "Slops_Received": null,
    "Slops_ROB": null,
    "Charterer_Cleaning_Kit_Onboard": "",
    "Charterer_Cleaning_Chemical_ROB": null,
    "Delay_Duration": null,
    "Miles": null,
    "Delay_Type": "",
    "Reason_for_Delay": "",
    "Delay_Remarks": "",
    "Port_Activity_Template": "",
    "Current_report_closing_time_LT_time": "2024-08-21T12:00:00.000Z",
    "Current_report_closing_time_LT_timeZone": 5,
    "Current_report_closing_time_LT_gmtTime": "2024-08-21T07:00:00.000Z",
    "Position_lat_degree": 12,
    "Position_lat_minute": 40,
    "Position_lat_second": 12,
    "Position_lat_direction": "S",
    "Position_lng_degree": 69,
    "Position_lng_minute": 25,
    "Position_lng_second": 6,
    "Position_lng_direction": "E",
    "Port_ETD_LT_time": "2024-09-20T12:00:00.000Z",
    "Port_ETD_LT_timeZone": 2,
    "Port_ETD_LT_gmtTime": "2024-09-20T10:00:00.000Z",
    "Next_Port_best_ETA_LT_time": "2024-09-18T08:00:00.000Z",
    "Next_Port_best_ETA_LT_timeZone": 2,
    "Next_Port_best_ETA_LT_gmtTime": "2024-09-18T06:00:00.000Z",
    "Next_Port_Required_ETA_LT_time": "2024-09-18T08:00:00.000Z",
    "Next_Port_Required_ETA_LT_timeZone": 2,
    "Next_Port_Required_ETA_LT_gmtTime": "2024-09-18T06:00:00.000Z",
    "Shore_Power_Connection_Start_Datetime_time": null,
    "Shore_Power_Connection_Start_Datetime_timeZone": null,
    "Shore_Power_Connection_Start_Datetime_gmtTime": null,
    "Shore_Power_Connection_End_Datetime_time": null,
    "Shore_Power_Connection_End_Datetime_timeZone": null,
    "Shore_Power_Connection_End_Datetime_gmtTime": null,
    "Delay_Start_time": null,
    "Delay_Start_timeZone": null,
    "Delay_Start_gmtTime": null,
    "Delay_End_time": null,
    "Delay_End_timeZone": null,
    "Delay_End_gmtTime": null,
    "syncStatus__clientNode": "not_synced",
    "status__clientNode": "submitted",
    "id__clientNode": "62087315-27d7-4884-ac69-f42088d319d1",
    "id": 10,
    "version__clientNode": 321
  },
  {
    "is_first_report__clientNode": false,
    "Vessel_Name": "ECO YOSEMITE PARK",
    "IMO_Number": "9877573",
    "Report_Type": "Noon Sea",
    "Berth_Status": null,
    "Report_Period": 24,
    "Load_Condition": "",
    "Voyage_No": "2407",
    "Next_Country": "Spain",
    "Next_Port": "Huelva",
    "Current_Country_Name": null,
    "Current_Port_Name": null,
    "Is_Outside_Port_Limit": null,
    "In_Transit": "",
    "Next_Port_Transit_Via": "CAPE OF GOOD HOPE",
    "Instructed_Speed_Value_knots": 12.5,
    "Observed_GPS_Distance_nm": 274,
    "Log_Distance_nm": 253,
    "Drifting_Distance_nm": null,
    "Observed_distance_in_Beaufort_Scale_greater_than_5": 274,
    "Distance_To_Go_nm": 8019,
    "Required_Speed_for_ETA_kn": 12.394126738794435,
    "Anchorage_hours_Hrs": null,
    "Is_Voyage_through_Ice": "",
    "Is_Voyage_for_Safety_of_Ship": "",
    "Reason_for_Safety_Voyage": null,
    "Is_STS_Ops": null,
    "Engine_Distance_nm": 322.3,
    "Cargo_Onbord_mt": 25898.9,
    "Deadweight_Carried_onboard_mt": 28359,
    "Displacement_mt": 38948,
    "Steaming_Hours": 24,
    "Salinty": 1.02,
    "Ballast": 200,
    "Comments": "Pls. note that the passage plan is amended by Boss due to bad weather, new distance to go is 8019 NM.\n",
    "Master_Name": "ELMER C DANTES",
    "CE_Name": "NEAL C RIDOR",
    "Mean_Draught_m": 9.2,
    "Forward_Draught_m": 8.7,
    "Afterward_Draught_m": 9.7,
    "Beaufort_force": "7",
    "Wind_coming_From_degree_True_Wind_Direction": 112.5,
    "Wave_height_m": 4.5,
    "Waves_going_towards_Degree_True_Swell_Direction": 290,
    "Vessel_Heading_Degree_Absolue_Direction": 242,
    "Sea_Water_Temp_deg_C": 25,
    "Barometric_Pressure_millibar": 1022,
    "Engine_Room_Temp_deg_C": 35,
    "Atmosphere_Air_Temp_deg_C": 25,
    "Bar_Movement": "STEADY",
    "Sea_Direction": "WSW",
    "Swell_Direction": "ESE",
    "Wind_Direction": "ESE",
    "Current_Direction": "With",
    "Bad_Weather_Hours": 24,
    "Bad_Weather_Distance": null,
    "Sea_Height": 4.5,
    "Swell_Height": 4.5,
    "Current": 0.4,
    "Propulsion_Hrs": 24,
    "ME_1_Average_RPM": 72.9,
    "ME_2_Average_RPM": null,
    "ME_1_Running_Hours": 24,
    "ME_2_Running_Hours": null,
    "ME_1_Shaft_Power_kW": 3900,
    "ME_2_Shaft_Power_kW": null,
    "ME_1_Shaft_Energy_kWh_Counter": null,
    "ME_2_Shaft_Energy_kWh_Counter": null,
    "ME_1_TC1_RPM": 12315,
    "ME_1_TC2_RPM": null,
    "ME_2_TC1_RPM": null,
    "ME_2_TC2_RPM": null,
    "ME_1_Scavenge_Air_Temp_deg_C": 37,
    "ME_2_Scavenge_Air_Temp_deg_C": null,
    "ME_1_Air_Cooler_Cooling_Water_inlet_Temp_deg_C": 32,
    "ME_2_Air_Cooler_Cooling_Water_inlet_Temp_deg_C": null,
    "ME_1_Scavenge_Air_Pressure_bar": 1.08,
    "ME_2_Scavenge_Air_Pressure_bar": null,
    "AE_1_Running_Hours": 4,
    "AE_2_Running_Hours": 24,
    "AE_3_Running_Hours": null,
    "AE_4_Running_Hours": null,
    "AE_1_Power_kWh": 2508,
    "AE_2_Power_kWh": 14880,
    "AE_3_Power_kWh": null,
    "AE_4_Power_kWh": null,
    "Shore_Power_Used": "",
    "Shore_Power_Connection_Counter_kWh": null,
    "Total_Shore_Power_Energy_Consumed_Since_Last_Report_kWh": null,
    "Boiler_1_Running_Hours": 4,
    "Boiler_2_Running_Hours": null,
    "Boiler_1_Steam_Pressure": 6.98,
    "Boiler_2_Steam_Pressure": null,
    "Incinerator_Hours": 8,
    "FW_Generator_Hours": 24,
    "CLO_Bunkered_De_Dunkered_litres": "",
    "ROB_Of_CLO_litres": null,
    "MECC_Bunkered_De_bunkered_litres": null,
    "ROB_Of_MECC_litres": null,
    "Qty_Of_MECC_Used_litres": null,
    "AECC_Bunkered_De_bunkered_litres": null,
    "ROB_Of_AECC_litres": null,
    "Qty_Of_AECC_Used_litres": null,
    "ME_1_Qty_Of_CLO_Used_litres": 133,
    "ME_2_Qty_Of_CLO_Used_litres": null,
    "ME_1_CLO_Running_Condition": "Normal Operation",
    "ME_2_CLO_Running_Condition": "",
    "Distilled_Water_Received": null,
    "Distilled_Water_Consumed": 16,
    "Distilled_Water_ROB": 199,
    "Distilled_Water_Produced": 9,
    "Fresh_Water_Received": null,
    "Fresh_Water_Consumed": null,
    "Fresh_Water_ROB": null,
    "Slops_Received": null,
    "Slops_ROB": null,
    "Charterer_Cleaning_Kit_Onboard": "",
    "Charterer_Cleaning_Chemical_ROB": null,
    "Delay_Duration": null,
    "Miles": null,
    "Delay_Type": "",
    "Reason_for_Delay": "",
    "Delay_Remarks": "",
    "Port_Activity_Template": "",
    "Current_report_closing_time_LT_time": "2024-08-22T12:00:00.000Z",
    "Current_report_closing_time_LT_timeZone": 5,
    "Current_report_closing_time_LT_gmtTime": "2024-08-22T07:00:00.000Z",
    "Position_lat_degree": 15,
    "Position_lat_minute": 19,
    "Position_lat_second": 18,
    "Position_lat_direction": "S",
    "Position_lng_degree": 65,
    "Position_lng_minute": 34,
    "Position_lng_second": 54,
    "Position_lng_direction": "E",
    "Port_ETD_LT_time": "2024-09-20T12:00:00.000Z",
    "Port_ETD_LT_timeZone": 2,
    "Port_ETD_LT_gmtTime": "2024-09-20T10:00:00.000Z",
    "Next_Port_best_ETA_LT_time": "2024-09-18T08:00:00.000Z",
    "Next_Port_best_ETA_LT_timeZone": 2,
    "Next_Port_best_ETA_LT_gmtTime": "2024-09-18T06:00:00.000Z",
    "Next_Port_Required_ETA_LT_time": "2024-09-18T08:00:00.000Z",
    "Next_Port_Required_ETA_LT_timeZone": 2,
    "Next_Port_Required_ETA_LT_gmtTime": "2024-09-18T06:00:00.000Z",
    "Shore_Power_Connection_Start_Datetime_time": null,
    "Shore_Power_Connection_Start_Datetime_timeZone": null,
    "Shore_Power_Connection_Start_Datetime_gmtTime": null,
    "Shore_Power_Connection_End_Datetime_time": null,
    "Shore_Power_Connection_End_Datetime_timeZone": null,
    "Shore_Power_Connection_End_Datetime_gmtTime": null,
    "Delay_Start_time": null,
    "Delay_Start_timeZone": null,
    "Delay_Start_gmtTime": null,
    "Delay_End_time": null,
    "Delay_End_timeZone": null,
    "Delay_End_gmtTime": null,
    "syncStatus__clientNode": "not_synced",
    "status__clientNode": "submitted",
    "id__clientNode": "62087315-27d7-4884-ac69-f42088d319d1",
    "id": 11,
    "version__clientNode": 321
  },
  {
    "is_first_report__clientNode": false,
    "Vessel_Name": "ECO YOSEMITE PARK",
    "IMO_Number": "9877573",
    "Report_Type": "Noon Sea",
    "Berth_Status": null,
    "Report_Period": 25,
    "Load_Condition": "",
    "Voyage_No": "2407",
    "Next_Country": "Spain",
    "Next_Port": "Huelva",
    "Current_Country_Name": null,
    "Current_Port_Name": null,
    "Is_Outside_Port_Limit": null,
    "In_Transit": "",
    "Next_Port_Transit_Via": "CAPE OF GOOD HOPE",
    "Instructed_Speed_Value_knots": 12.5,
    "Observed_GPS_Distance_nm": 308,
    "Log_Distance_nm": 284,
    "Drifting_Distance_nm": null,
    "Observed_distance_in_Beaufort_Scale_greater_than_5": 308,
    "Distance_To_Go_nm": 7711,
    "Required_Speed_for_ETA_kn": 12.397106109324758,
    "Anchorage_hours_Hrs": null,
    "Is_Voyage_through_Ice": "",
    "Is_Voyage_for_Safety_of_Ship": "",
    "Reason_for_Safety_Voyage": null,
    "Is_STS_Ops": null,
    "Engine_Distance_nm": 336.19,
    "Cargo_Onbord_mt": 25898.9,
    "Deadweight_Carried_onboard_mt": 28359,
    "Displacement_mt": 38948,
    "Steaming_Hours": 25,
    "Salinty": 1.02,
    "Ballast": 200,
    "Comments": "",
    "Master_Name": "ELMER C DANTES",
    "CE_Name": "NEAL C RIDOR",
    "Mean_Draught_m": 9.2,
    "Forward_Draught_m": 8.7,
    "Afterward_Draught_m": 9.7,
    "Beaufort_force": "6",
    "Wind_coming_From_degree_True_Wind_Direction": 90,
    "Wave_height_m": 3,
    "Waves_going_towards_Degree_True_Swell_Direction": 90,
    "Vessel_Heading_Degree_Absolue_Direction": 248,
    "Sea_Water_Temp_deg_C": 24,
    "Barometric_Pressure_millibar": 1024,
    "Engine_Room_Temp_deg_C": 35,
    "Atmosphere_Air_Temp_deg_C": 24,
    "Bar_Movement": "INCREASING",
    "Sea_Direction": "WNW",
    "Swell_Direction": "E",
    "Wind_Direction": "E",
    "Current_Direction": "With",
    "Bad_Weather_Hours": null,
    "Bad_Weather_Distance": null,
    "Sea_Height": 3,
    "Swell_Height": 3,
    "Current": 1,
    "Propulsion_Hrs": 25,
    "ME_1_Average_RPM": 73,
    "ME_2_Average_RPM": null,
    "ME_1_Running_Hours": 25,
    "ME_2_Running_Hours": null,
    "ME_1_Shaft_Power_kW": 3800,
    "ME_2_Shaft_Power_kW": null,
    "ME_1_Shaft_Energy_kWh_Counter": null,
    "ME_2_Shaft_Energy_kWh_Counter": null,
    "ME_1_TC1_RPM": 12227,
    "ME_1_TC2_RPM": null,
    "ME_2_TC1_RPM": null,
    "ME_2_TC2_RPM": null,
    "ME_1_Scavenge_Air_Temp_deg_C": 36,
    "ME_2_Scavenge_Air_Temp_deg_C": null,
    "ME_1_Air_Cooler_Cooling_Water_inlet_Temp_deg_C": 32,
    "ME_2_Air_Cooler_Cooling_Water_inlet_Temp_deg_C": null,
    "ME_1_Scavenge_Air_Pressure_bar": 1.08,
    "ME_2_Scavenge_Air_Pressure_bar": null,
    "AE_1_Running_Hours": 9,
    "AE_2_Running_Hours": 25,
    "AE_3_Running_Hours": null,
    "AE_4_Running_Hours": null,
    "AE_1_Power_kWh": 5580,
    "AE_2_Power_kWh": 15450,
    "AE_3_Power_kWh": null,
    "AE_4_Power_kWh": null,
    "Shore_Power_Used": "",
    "Shore_Power_Connection_Counter_kWh": null,
    "Total_Shore_Power_Energy_Consumed_Since_Last_Report_kWh": null,
    "Boiler_1_Running_Hours": 9,
    "Boiler_2_Running_Hours": null,
    "Boiler_1_Steam_Pressure": 7,
    "Boiler_2_Steam_Pressure": null,
    "Incinerator_Hours": null,
    "FW_Generator_Hours": 24,
    "CLO_Bunkered_De_Dunkered_litres": "",
    "ROB_Of_CLO_litres": null,
    "MECC_Bunkered_De_bunkered_litres": null,
    "ROB_Of_MECC_litres": null,
    "Qty_Of_MECC_Used_litres": null,
    "AECC_Bunkered_De_bunkered_litres": null,
    "ROB_Of_AECC_litres": null,
    "Qty_Of_AECC_Used_litres": null,
    "ME_1_Qty_Of_CLO_Used_litres": 138,
    "ME_2_Qty_Of_CLO_Used_litres": null,
    "ME_1_CLO_Running_Condition": "Normal Operation",
    "ME_2_CLO_Running_Condition": "",
    "Distilled_Water_Received": null,
    "Distilled_Water_Consumed": 25,
    "Distilled_Water_ROB": 186,
    "Distilled_Water_Produced": 8,
    "Fresh_Water_Received": null,
    "Fresh_Water_Consumed": null,
    "Fresh_Water_ROB": null,
    "Slops_Received": null,
    "Slops_ROB": null,
    "Charterer_Cleaning_Kit_Onboard": "",
    "Charterer_Cleaning_Chemical_ROB": null,
    "Delay_Duration": null,
    "Miles": null,
    "Delay_Type": "",
    "Reason_for_Delay": "",
    "Delay_Remarks": "",
    "Port_Activity_Template": "",
    "Current_report_closing_time_LT_time": "2024-08-23T12:00:00.000Z",
    "Current_report_closing_time_LT_timeZone": 4,
    "Current_report_closing_time_LT_gmtTime": "2024-08-23T08:00:00.000Z",
    "Position_lat_degree": 17,
    "Position_lat_minute": 26,
    "Position_lat_second": 42,
    "Position_lat_direction": "S",
    "Position_lng_degree": 60,
    "Position_lng_minute": 45,
    "Position_lng_second": 30,
    "Position_lng_direction": "E",
    "Port_ETD_LT_time": "2024-09-20T12:00:00.000Z",
    "Port_ETD_LT_timeZone": 2,
    "Port_ETD_LT_gmtTime": "2024-09-20T10:00:00.000Z",
    "Next_Port_best_ETA_LT_time": "2024-09-18T08:00:00.000Z",
    "Next_Port_best_ETA_LT_timeZone": 2,
    "Next_Port_best_ETA_LT_gmtTime": "2024-09-18T06:00:00.000Z",
    "Next_Port_Required_ETA_LT_time": "2024-09-18T08:00:00.000Z",
    "Next_Port_Required_ETA_LT_timeZone": 2,
    "Next_Port_Required_ETA_LT_gmtTime": "2024-09-18T06:00:00.000Z",
    "Shore_Power_Connection_Start_Datetime_time": null,
    "Shore_Power_Connection_Start_Datetime_timeZone": null,
    "Shore_Power_Connection_Start_Datetime_gmtTime": null,
    "Shore_Power_Connection_End_Datetime_time": null,
    "Shore_Power_Connection_End_Datetime_timeZone": null,
    "Shore_Power_Connection_End_Datetime_gmtTime": null,
    "Delay_Start_time": null,
    "Delay_Start_timeZone": null,
    "Delay_Start_gmtTime": null,
    "Delay_End_time": null,
    "Delay_End_timeZone": null,
    "Delay_End_gmtTime": null,
    "syncStatus__clientNode": "not_synced",
    "status__clientNode": "submitted",
    "id__clientNode": "62087315-27d7-4884-ac69-f42088d319d1",
    "id": 12,
    "version__clientNode": 321
  },
  {
    "is_first_report__clientNode": false,
    "Vessel_Name": "ECO YOSEMITE PARK",
    "IMO_Number": "9877573",
    "Report_Type": "Noon Sea",
    "Berth_Status": null,
    "Report_Period": 24,
    "Load_Condition": "",
    "Voyage_No": "2027",
    "Next_Country": "Spain",
    "Next_Port": "Huelva",
    "Current_Country_Name": null,
    "Current_Port_Name": null,
    "Is_Outside_Port_Limit": null,
    "In_Transit": "",
    "Next_Port_Transit_Via": "CAPE OF GOOD HOPE",
    "Instructed_Speed_Value_knots": 12.5,
    "Observed_GPS_Distance_nm": 302,
    "Log_Distance_nm": 286,
    "Drifting_Distance_nm": null,
    "Observed_distance_in_Beaufort_Scale_greater_than_5": null,
    "Distance_To_Go_nm": 7409,
    "Required_Speed_for_ETA_kn": 12.389632107023411,
    "Anchorage_hours_Hrs": null,
    "Is_Voyage_through_Ice": "",
    "Is_Voyage_for_Safety_of_Ship": "",
    "Reason_for_Safety_Voyage": null,
    "Is_STS_Ops": null,
    "Engine_Distance_nm": 315.22,
    "Cargo_Onbord_mt": 25898.9,
    "Deadweight_Carried_onboard_mt": 28359,
    "Displacement_mt": 38948,
    "Steaming_Hours": 24,
    "Salinty": 1.02,
    "Ballast": 200,
    "Comments": "",
    "Master_Name": "ELMER C DANTES",
    "CE_Name": "NEAL C RIDOR",
    "Mean_Draught_m": 9.2,
    "Forward_Draught_m": 8.7,
    "Afterward_Draught_m": 9.7,
    "Beaufort_force": "4",
    "Wind_coming_From_degree_True_Wind_Direction": 180,
    "Wave_height_m": 1,
    "Waves_going_towards_Degree_True_Swell_Direction": 180,
    "Vessel_Heading_Degree_Absolue_Direction": 231,
    "Sea_Water_Temp_deg_C": 25,
    "Barometric_Pressure_millibar": 1025,
    "Engine_Room_Temp_deg_C": 35,
    "Atmosphere_Air_Temp_deg_C": 25,
    "Bar_Movement": "STEADY",
    "Sea_Direction": "W",
    "Swell_Direction": "S",
    "Wind_Direction": "S",
    "Current_Direction": "With",
    "Bad_Weather_Hours": null,
    "Bad_Weather_Distance": null,
    "Sea_Height": 1,
    "Swell_Height": 1,
    "Current": 0.6,
    "Propulsion_Hrs": 24,
    "ME_1_Average_RPM": 71.3,
    "ME_2_Average_RPM": null,
    "ME_1_Running_Hours": 24,
    "ME_2_Running_Hours": null,
    "ME_1_Shaft_Power_kW": 3700,
    "ME_2_Shaft_Power_kW": null,
    "ME_1_Shaft_Energy_kWh_Counter": null,
    "ME_2_Shaft_Energy_kWh_Counter": null,
    "ME_1_TC1_RPM": 12552,
    "ME_1_TC2_RPM": null,
    "ME_2_TC1_RPM": null,
    "ME_2_TC2_RPM": null,
    "ME_1_Scavenge_Air_Temp_deg_C": 36,
    "ME_2_Scavenge_Air_Temp_deg_C": null,
    "ME_1_Air_Cooler_Cooling_Water_inlet_Temp_deg_C": 32,
    "ME_2_Air_Cooler_Cooling_Water_inlet_Temp_deg_C": null,
    "ME_1_Scavenge_Air_Pressure_bar": 1.11,
    "ME_2_Scavenge_Air_Pressure_bar": null,
    "AE_1_Running_Hours": 9,
    "AE_2_Running_Hours": 24,
    "AE_3_Running_Hours": null,
    "AE_4_Running_Hours": null,
    "AE_1_Power_kWh": 5562,
    "AE_2_Power_kWh": 14928,
    "AE_3_Power_kWh": null,
    "AE_4_Power_kWh": null,
    "Shore_Power_Used": "",
    "Shore_Power_Connection_Counter_kWh": null,
    "Total_Shore_Power_Energy_Consumed_Since_Last_Report_kWh": null,
    "Boiler_1_Running_Hours": 9,
    "Boiler_2_Running_Hours": null,
    "Boiler_1_Steam_Pressure": 6.98,
    "Boiler_2_Steam_Pressure": null,
    "Incinerator_Hours": 8,
    "FW_Generator_Hours": 24,
    "CLO_Bunkered_De_Dunkered_litres": "",
    "ROB_Of_CLO_litres": null,
    "MECC_Bunkered_De_bunkered_litres": null,
    "ROB_Of_MECC_litres": null,
    "Qty_Of_MECC_Used_litres": null,
    "AECC_Bunkered_De_bunkered_litres": null,
    "ROB_Of_AECC_litres": null,
    "Qty_Of_AECC_Used_litres": null,
    "ME_1_Qty_Of_CLO_Used_litres": 135,
    "ME_2_Qty_Of_CLO_Used_litres": null,
    "ME_1_CLO_Running_Condition": "Normal Operation",
    "ME_2_CLO_Running_Condition": "",
    "Distilled_Water_Received": null,
    "Distilled_Water_Consumed": 18,
    "Distilled_Water_ROB": 172,
    "Distilled_Water_Produced": 8,
    "Fresh_Water_Received": null,
    "Fresh_Water_Consumed": null,
    "Fresh_Water_ROB": null,
    "Slops_Received": null,
    "Slops_ROB": null,
    "Charterer_Cleaning_Kit_Onboard": "",
    "Charterer_Cleaning_Chemical_ROB": null,
    "Delay_Duration": null,
    "Miles": null,
    "Delay_Type": "",
    "Reason_for_Delay": "",
    "Delay_Remarks": "",
    "Port_Activity_Template": "",
    "Current_report_closing_time_LT_time": "2024-08-24T12:00:00.000Z",
    "Current_report_closing_time_LT_timeZone": 4,
    "Current_report_closing_time_LT_gmtTime": "2024-08-24T08:00:00.000Z",
    "Position_lat_degree": 19,
    "Position_lat_minute": 43,
    "Position_lat_second": 48,
    "Position_lat_direction": "S",
    "Position_lng_degree": 56,
    "Position_lng_minute": 7,
    "Position_lng_second": 6,
    "Position_lng_direction": "E",
    "Port_ETD_LT_time": "2024-09-20T12:00:00.000Z",
    "Port_ETD_LT_timeZone": 2,
    "Port_ETD_LT_gmtTime": "2024-09-20T10:00:00.000Z",
    "Next_Port_best_ETA_LT_time": "2024-09-18T08:00:00.000Z",
    "Next_Port_best_ETA_LT_timeZone": 2,
    "Next_Port_best_ETA_LT_gmtTime": "2024-09-18T06:00:00.000Z",
    "Next_Port_Required_ETA_LT_time": "2024-09-18T08:00:00.000Z",
    "Next_Port_Required_ETA_LT_timeZone": 2,
    "Next_Port_Required_ETA_LT_gmtTime": "2024-09-18T06:00:00.000Z",
    "Shore_Power_Connection_Start_Datetime_time": null,
    "Shore_Power_Connection_Start_Datetime_timeZone": null,
    "Shore_Power_Connection_Start_Datetime_gmtTime": null,
    "Shore_Power_Connection_End_Datetime_time": null,
    "Shore_Power_Connection_End_Datetime_timeZone": null,
    "Shore_Power_Connection_End_Datetime_gmtTime": null,
    "Delay_Start_time": null,
    "Delay_Start_timeZone": null,
    "Delay_Start_gmtTime": null,
    "Delay_End_time": null,
    "Delay_End_timeZone": null,
    "Delay_End_gmtTime": null,
    "syncStatus__clientNode": "not_synced",
    "status__clientNode": "submitted",
    "id__clientNode": "62087315-27d7-4884-ac69-f42088d319d1",
    "id": 13,
    "version__clientNode": 321
  },
  {
    "is_first_report__clientNode": false,
    "Vessel_Name": "ECO YOSEMITE PARK",
    "IMO_Number": "9877573",
    "Report_Type": "Noon Sea",
    "Berth_Status": null,
    "Report_Period": 25,
    "Load_Condition": "",
    "Voyage_No": "2407",
    "Next_Country": "Spain",
    "Next_Port": "Huelva",
    "Current_Country_Name": null,
    "Current_Port_Name": null,
    "Is_Outside_Port_Limit": null,
    "In_Transit": "",
    "Next_Port_Transit_Via": "CAPE OF GOOD HOPE",
    "Instructed_Speed_Value_knots": 12.5,
    "Observed_GPS_Distance_nm": 268,
    "Log_Distance_nm": 263,
    "Drifting_Distance_nm": null,
    "Observed_distance_in_Beaufort_Scale_greater_than_5": 268,
    "Distance_To_Go_nm": 7141,
    "Required_Speed_for_ETA_kn": 12.462478184991275,
    "Anchorage_hours_Hrs": null,
    "Is_Voyage_through_Ice": "",
    "Is_Voyage_for_Safety_of_Ship": "",
    "Reason_for_Safety_Voyage": null,
    "Is_STS_Ops": null,
    "Engine_Distance_nm": 335.27,
    "Cargo_Onbord_mt": 25898.9,
    "Deadweight_Carried_onboard_mt": 28359,
    "Displacement_mt": 38948,
    "Steaming_Hours": 25,
    "Salinty": 1.02,
    "Ballast": 200,
    "Comments": "",
    "Master_Name": "ELMER C DANTES",
    "CE_Name": "NEAL C RIDOR",
    "Mean_Draught_m": 9.2,
    "Forward_Draught_m": 8.7,
    "Afterward_Draught_m": 9.7,
    "Beaufort_force": "6",
    "Wind_coming_From_degree_True_Wind_Direction": 135,
    "Wave_height_m": 3.5,
    "Waves_going_towards_Degree_True_Swell_Direction": 135,
    "Vessel_Heading_Degree_Absolue_Direction": 230,
    "Sea_Water_Temp_deg_C": 22,
    "Barometric_Pressure_millibar": 1032,
    "Engine_Room_Temp_deg_C": 35,
    "Atmosphere_Air_Temp_deg_C": 22,
    "Bar_Movement": "INCREASING",
    "Sea_Direction": "NW",
    "Swell_Direction": "SE",
    "Wind_Direction": "SE",
    "Current_Direction": "To",
    "Bad_Weather_Hours": 25,
    "Bad_Weather_Distance": null,
    "Sea_Height": 3.5,
    "Swell_Height": 3.5,
    "Current": 0.4,
    "Propulsion_Hrs": 25,
    "ME_1_Average_RPM": 72.8,
    "ME_2_Average_RPM": null,
    "ME_1_Running_Hours": 25,
    "ME_2_Running_Hours": null,
    "ME_1_Shaft_Power_kW": 4200,
    "ME_2_Shaft_Power_kW": null,
    "ME_1_Shaft_Energy_kWh_Counter": null,
    "ME_2_Shaft_Energy_kWh_Counter": null,
    "ME_1_TC1_RPM": 13770,
    "ME_1_TC2_RPM": null,
    "ME_2_TC1_RPM": null,
    "ME_2_TC2_RPM": null,
    "ME_1_Scavenge_Air_Temp_deg_C": 36,
    "ME_2_Scavenge_Air_Temp_deg_C": null,
    "ME_1_Air_Cooler_Cooling_Water_inlet_Temp_deg_C": 32,
    "ME_2_Air_Cooler_Cooling_Water_inlet_Temp_deg_C": null,
    "ME_1_Scavenge_Air_Pressure_bar": 1.45,
    "ME_2_Scavenge_Air_Pressure_bar": null,
    "AE_1_Running_Hours": 9,
    "AE_2_Running_Hours": 25,
    "AE_3_Running_Hours": null,
    "AE_4_Running_Hours": null,
    "AE_1_Power_kWh": 5085,
    "AE_2_Power_kWh": 14000,
    "AE_3_Power_kWh": null,
    "AE_4_Power_kWh": null,
    "Shore_Power_Used": "",
    "Shore_Power_Connection_Counter_kWh": null,
    "Total_Shore_Power_Energy_Consumed_Since_Last_Report_kWh": null,
    "Boiler_1_Running_Hours": 9,
    "Boiler_2_Running_Hours": null,
    "Boiler_1_Steam_Pressure": 6.96,
    "Boiler_2_Steam_Pressure": null,
    "Incinerator_Hours": null,
    "FW_Generator_Hours": 24,
    "CLO_Bunkered_De_Dunkered_litres": "",
    "ROB_Of_CLO_litres": null,
    "MECC_Bunkered_De_bunkered_litres": null,
    "ROB_Of_MECC_litres": null,
    "Qty_Of_MECC_Used_litres": null,
    "AECC_Bunkered_De_bunkered_litres": null,
    "ROB_Of_AECC_litres": null,
    "Qty_Of_AECC_Used_litres": null,
    "ME_1_Qty_Of_CLO_Used_litres": 137,
    "ME_2_Qty_Of_CLO_Used_litres": null,
    "ME_1_CLO_Running_Condition": "Normal Operation",
    "ME_2_CLO_Running_Condition": "",
    "Distilled_Water_Received": null,
    "Distilled_Water_Consumed": 21,
    "Distilled_Water_ROB": 160,
    "Distilled_Water_Produced": 9,
    "Fresh_Water_Received": null,
    "Fresh_Water_Consumed": null,
    "Fresh_Water_ROB": null,
    "Slops_Received": null,
    "Slops_ROB": null,
    "Charterer_Cleaning_Kit_Onboard": "",
    "Charterer_Cleaning_Chemical_ROB": null,
    "Delay_Duration": null,
    "Miles": null,
    "Delay_Type": "",
    "Reason_for_Delay": "",
    "Delay_Remarks": "",
    "Port_Activity_Template": "",
    "Current_report_closing_time_LT_time": "2024-08-25T12:00:00.000Z",
    "Current_report_closing_time_LT_timeZone": 3,
    "Current_report_closing_time_LT_gmtTime": "2024-08-25T09:00:00.000Z",
    "Position_lat_degree": 22,
    "Position_lat_minute": 50,
    "Position_lat_second": 0,
    "Position_lat_direction": "S",
    "Position_lng_degree": 52,
    "Position_lng_minute": 43,
    "Position_lng_second": 18,
    "Position_lng_direction": "E",
    "Port_ETD_LT_time": "2024-09-20T12:00:00.000Z",
    "Port_ETD_LT_timeZone": 2,
    "Port_ETD_LT_gmtTime": "2024-09-20T10:00:00.000Z",
    "Next_Port_best_ETA_LT_time": "2024-09-18T08:00:00.000Z",
    "Next_Port_best_ETA_LT_timeZone": 2,
    "Next_Port_best_ETA_LT_gmtTime": "2024-09-18T06:00:00.000Z",
    "Next_Port_Required_ETA_LT_time": "2024-09-18T08:00:00.000Z",
    "Next_Port_Required_ETA_LT_timeZone": 2,
    "Next_Port_Required_ETA_LT_gmtTime": "2024-09-18T06:00:00.000Z",
    "Shore_Power_Connection_Start_Datetime_time": null,
    "Shore_Power_Connection_Start_Datetime_timeZone": null,
    "Shore_Power_Connection_Start_Datetime_gmtTime": null,
    "Shore_Power_Connection_End_Datetime_time": null,
    "Shore_Power_Connection_End_Datetime_timeZone": null,
    "Shore_Power_Connection_End_Datetime_gmtTime": null,
    "Delay_Start_time": null,
    "Delay_Start_timeZone": null,
    "Delay_Start_gmtTime": null,
    "Delay_End_time": null,
    "Delay_End_timeZone": null,
    "Delay_End_gmtTime": null,
    "syncStatus__clientNode": "not_synced",
    "status__clientNode": "modified_submitted",
    "id__clientNode": "62087315-27d7-4884-ac69-f42088d319d1",
    "id": 14,
    "version__clientNode": 321
  },
  {
    "is_first_report__clientNode": false,
    "Vessel_Name": "ECO YOSEMITE PARK",
    "IMO_Number": "9877573",
    "Report_Type": "Noon Sea",
    "Berth_Status": "",
    "Report_Period": 24,
    "Load_Condition": "",
    "Voyage_No": "2407",
    "Next_Country": "Spain",
    "Next_Port": "Huelva",
    "Current_Country_Name": "",
    "Current_Port_Name": "",
    "Is_Outside_Port_Limit": "",
    "In_Transit": "",
    "Next_Port_Transit_Via": "CAPE OF GOOD HOPE",
    "Instructed_Speed_Value_knots": 12.5,
    "Observed_GPS_Distance_nm": 297,
    "Log_Distance_nm": 286,
    "Drifting_Distance_nm": null,
    "Observed_distance_in_Beaufort_Scale_greater_than_5": 297,
    "Distance_To_Go_nm": 6844,
    "Required_Speed_for_ETA_kn": 12.466302367941712,
    "Anchorage_hours_Hrs": null,
    "Is_Voyage_through_Ice": "",
    "Is_Voyage_for_Safety_of_Ship": "",
    "Reason_for_Safety_Voyage": "",
    "Is_STS_Ops": "",
    "Engine_Distance_nm": 322.61,
    "Cargo_Onbord_mt": 25898.9,
    "Deadweight_Carried_onboard_mt": 28359,
    "Displacement_mt": 38948,
    "Steaming_Hours": 24,
    "Salinty": 1.02,
    "Ballast": 200,
    "Comments": "",
    "Master_Name": "ELMER C DANTES",
    "CE_Name": "NEAL C RIDOR",
    "Mean_Draught_m": 9.2,
    "Forward_Draught_m": 8.7,
    "Afterward_Draught_m": 9.7,
    "Beaufort_force": "5",
    "Wind_coming_From_degree_True_Wind_Direction": 45,
    "Wave_height_m": 2.5,
    "Waves_going_towards_Degree_True_Swell_Direction": 45,
    "Vessel_Heading_Degree_Absolue_Direction": 244,
    "Sea_Water_Temp_deg_C": 22,
    "Barometric_Pressure_millibar": 1031,
    "Engine_Room_Temp_deg_C": 35,
    "Atmosphere_Air_Temp_deg_C": 24,
    "Bar_Movement": "STEADY",
    "Sea_Direction": "W",
    "Swell_Direction": "NE",
    "Wind_Direction": "NE",
    "Current_Direction": "With",
    "Bad_Weather_Hours": null,
    "Bad_Weather_Distance": null,
    "Sea_Height": 2.5,
    "Swell_Height": 2.5,
    "Current": 1,
    "Propulsion_Hrs": 24,
    "ME_1_Average_RPM": 73,
    "ME_2_Average_RPM": null,
    "ME_1_Running_Hours": 24,
    "ME_2_Running_Hours": null,
    "ME_1_Shaft_Power_kW": 3700,
    "ME_2_Shaft_Power_kW": null,
    "ME_1_Shaft_Energy_kWh_Counter": null,
    "ME_2_Shaft_Energy_kWh_Counter": null,
    "ME_1_TC1_RPM": 12230,
    "ME_1_TC2_RPM": null,
    "ME_2_TC1_RPM": null,
    "ME_2_TC2_RPM": null,
    "ME_1_Scavenge_Air_Temp_deg_C": 36,
    "ME_2_Scavenge_Air_Temp_deg_C": null,
    "ME_1_Air_Cooler_Cooling_Water_inlet_Temp_deg_C": 32,
    "ME_2_Air_Cooler_Cooling_Water_inlet_Temp_deg_C": null,
    "ME_1_Scavenge_Air_Pressure_bar": 1,
    "ME_2_Scavenge_Air_Pressure_bar": null,
    "AE_1_Running_Hours": 9,
    "AE_2_Running_Hours": 24,
    "AE_3_Running_Hours": null,
    "AE_4_Running_Hours": null,
    "AE_1_Power_kWh": 5274,
    "AE_2_Power_kWh": 14016,
    "AE_3_Power_kWh": null,
    "AE_4_Power_kWh": null,
    "Shore_Power_Used": "",
    "Shore_Power_Connection_Counter_kWh": null,
    "Total_Shore_Power_Energy_Consumed_Since_Last_Report_kWh": null,
    "Boiler_1_Running_Hours": 9,
    "Boiler_2_Running_Hours": null,
    "Boiler_1_Steam_Pressure": 6.97,
    "Boiler_2_Steam_Pressure": null,
    "Incinerator_Hours": null,
    "FW_Generator_Hours": 24,
    "CLO_Bunkered_De_Dunkered_litres": "",
    "ROB_Of_CLO_litres": null,
    "MECC_Bunkered_De_bunkered_litres": null,
    "ROB_Of_MECC_litres": null,
    "Qty_Of_MECC_Used_litres": null,
    "AECC_Bunkered_De_bunkered_litres": null,
    "ROB_Of_AECC_litres": null,
    "Qty_Of_AECC_Used_litres": null,
    "ME_1_Qty_Of_CLO_Used_litres": 138,
    "ME_2_Qty_Of_CLO_Used_litres": null,
    "ME_1_CLO_Running_Condition": "Normal Operation",
    "ME_2_CLO_Running_Condition": "",
    "Distilled_Water_Received": null,
    "Distilled_Water_Consumed": 2,
    "Distilled_Water_ROB": 166,
    "Distilled_Water_Produced": 8,
    "Fresh_Water_Received": null,
    "Fresh_Water_Consumed": null,
    "Fresh_Water_ROB": null,
    "Slops_Received": null,
    "Slops_ROB": null,
    "Charterer_Cleaning_Kit_Onboard": "",
    "Charterer_Cleaning_Chemical_ROB": null,
    "Delay_Duration": null,
    "Miles": null,
    "Delay_Type": "",
    "Reason_for_Delay": "",
    "Delay_Remarks": "",
    "Port_Activity_Template": "",
    "Current_report_closing_time_LT_time": "2024-08-26T12:00:00.000Z",
    "Current_report_closing_time_LT_timeZone": 3,
    "Current_report_closing_time_LT_gmtTime": "2024-08-26T09:00:00.000Z",
    "Position_lat_degree": 25,
    "Position_lat_minute": 32,
    "Position_lat_second": 36,
    "Position_lat_direction": "S",
    "Position_lng_degree": 48,
    "Position_lng_minute": 13,
    "Position_lng_second": 36,
    "Position_lng_direction": "E",
    "Port_ETD_LT_time": "2024-09-20T12:00:00.000Z",
    "Port_ETD_LT_timeZone": 2,
    "Port_ETD_LT_gmtTime": "2024-09-20T10:00:00.000Z",
    "Next_Port_best_ETA_LT_time": "2024-09-18T08:00:00.000Z",
    "Next_Port_best_ETA_LT_timeZone": 2,
    "Next_Port_best_ETA_LT_gmtTime": "2024-09-18T06:00:00.000Z",
    "Next_Port_Required_ETA_LT_time": "2024-09-18T08:00:00.000Z",
    "Next_Port_Required_ETA_LT_timeZone": 2,
    "Next_Port_Required_ETA_LT_gmtTime": "2024-09-18T06:00:00.000Z",
    "Shore_Power_Connection_Start_Datetime_time": null,
    "Shore_Power_Connection_Start_Datetime_timeZone": null,
    "Shore_Power_Connection_Start_Datetime_gmtTime": null,
    "Shore_Power_Connection_End_Datetime_time": null,
    "Shore_Power_Connection_End_Datetime_timeZone": null,
    "Shore_Power_Connection_End_Datetime_gmtTime": null,
    "Delay_Start_time": null,
    "Delay_Start_timeZone": null,
    "Delay_Start_gmtTime": null,
    "Delay_End_time": null,
    "Delay_End_timeZone": null,
    "Delay_End_gmtTime": null,
    "syncStatus__clientNode": "not_synced",
    "status__clientNode": "submitted",
    "id__clientNode": "62087315-27d7-4884-ac69-f42088d319d1",
    "id": 15,
    "version__clientNode": 321
  },
  {
    "is_first_report__clientNode": false,
    "Vessel_Name": "ECO YOSEMITE PARK",
    "IMO_Number": "9877573",
    "Report_Type": "Noon Sea",
    "Berth_Status": null,
    "Report_Period": 24,
    "Load_Condition": "",
    "Voyage_No": "2407",
    "Next_Country": "Spain",
    "Next_Port": "Huelva",
    "Current_Country_Name": null,
    "Current_Port_Name": null,
    "Is_Outside_Port_Limit": null,
    "In_Transit": false,
    "Next_Port_Transit_Via": "CAPE OF GOOD HOPE",
    "Instructed_Speed_Value_knots": 12.5,
    "Observed_GPS_Distance_nm": 302,
    "Log_Distance_nm": 273,
    "Drifting_Distance_nm": null,
    "Observed_distance_in_Beaufort_Scale_greater_than_5": null,
    "Distance_To_Go_nm": 6542,
    "Required_Speed_for_ETA_kn": 12.460952380952381,
    "Anchorage_hours_Hrs": null,
    "Is_Voyage_through_Ice": "",
    "Is_Voyage_for_Safety_of_Ship": "",
    "Reason_for_Safety_Voyage": null,
    "Is_STS_Ops": null,
    "Engine_Distance_nm": 323.98,
    "Cargo_Onbord_mt": 25898.9,
    "Deadweight_Carried_onboard_mt": 28359,
    "Displacement_mt": 38948,
    "Steaming_Hours": 24,
    "Salinty": 1.02,
    "Ballast": 200,
    "Comments": "",
    "Master_Name": "ELMER C DANTES",
    "CE_Name": "NEAL C RIDOR",
    "Mean_Draught_m": 9.2,
    "Forward_Draught_m": 8.7,
    "Afterward_Draught_m": 9.7,
    "Beaufort_force": "4",
    "Wind_coming_From_degree_True_Wind_Direction": 45,
    "Wave_height_m": 1.5,
    "Waves_going_towards_Degree_True_Swell_Direction": 45,
    "Vessel_Heading_Degree_Absolue_Direction": 251,
    "Sea_Water_Temp_deg_C": 21,
    "Barometric_Pressure_millibar": 1028,
    "Engine_Room_Temp_deg_C": 35,
    "Atmosphere_Air_Temp_deg_C": 24,
    "Bar_Movement": "DECREASING",
    "Sea_Direction": "SW",
    "Swell_Direction": "NE",
    "Wind_Direction": "NE",
    "Current_Direction": "With",
    "Bad_Weather_Hours": null,
    "Bad_Weather_Distance": null,
    "Sea_Height": 1.5,
    "Swell_Height": 1.5,
    "Current": 1.2,
    "Propulsion_Hrs": 24,
    "ME_1_Average_RPM": 73.3,
    "ME_2_Average_RPM": null,
    "ME_1_Running_Hours": 24,
    "ME_2_Running_Hours": null,
    "ME_1_Shaft_Power_kW": 3600,
    "ME_2_Shaft_Power_kW": null,
    "ME_1_Shaft_Energy_kWh_Counter": null,
    "ME_2_Shaft_Energy_kWh_Counter": null,
    "ME_1_TC1_RPM": 11946,
    "ME_1_TC2_RPM": null,
    "ME_2_TC1_RPM": null,
    "ME_2_TC2_RPM": null,
    "ME_1_Scavenge_Air_Temp_deg_C": 36,
    "ME_2_Scavenge_Air_Temp_deg_C": null,
    "ME_1_Air_Cooler_Cooling_Water_inlet_Temp_deg_C": 32,
    "ME_2_Air_Cooler_Cooling_Water_inlet_Temp_deg_C": null,
    "ME_1_Scavenge_Air_Pressure_bar": 0.99,
    "ME_2_Scavenge_Air_Pressure_bar": null,
    "AE_1_Running_Hours": 9,
    "AE_2_Running_Hours": 24,
    "AE_3_Running_Hours": null,
    "AE_4_Running_Hours": null,
    "AE_1_Power_kWh": 5517,
    "AE_2_Power_kWh": 14760,
    "AE_3_Power_kWh": null,
    "AE_4_Power_kWh": null,
    "Shore_Power_Used": "",
    "Shore_Power_Connection_Counter_kWh": null,
    "Total_Shore_Power_Energy_Consumed_Since_Last_Report_kWh": null,
    "Boiler_1_Running_Hours": 9,
    "Boiler_2_Running_Hours": null,
    "Boiler_1_Steam_Pressure": 6.9,
    "Boiler_2_Steam_Pressure": null,
    "Incinerator_Hours": 8,
    "FW_Generator_Hours": 24,
    "CLO_Bunkered_De_Dunkered_litres": "",
    "ROB_Of_CLO_litres": null,
    "MECC_Bunkered_De_bunkered_litres": null,
    "ROB_Of_MECC_litres": null,
    "Qty_Of_MECC_Used_litres": null,
    "AECC_Bunkered_De_bunkered_litres": null,
    "ROB_Of_AECC_litres": null,
    "Qty_Of_AECC_Used_litres": null,
    "ME_1_Qty_Of_CLO_Used_litres": 140,
    "ME_2_Qty_Of_CLO_Used_litres": null,
    "ME_1_CLO_Running_Condition": "Normal Operation",
    "ME_2_CLO_Running_Condition": "",
    "Distilled_Water_Received": null,
    "Distilled_Water_Consumed": 5,
    "Distilled_Water_ROB": 169,
    "Distilled_Water_Produced": 8,
    "Fresh_Water_Received": null,
    "Fresh_Water_Consumed": null,
    "Fresh_Water_ROB": null,
    "Slops_Received": null,
    "Slops_ROB": null,
    "Charterer_Cleaning_Kit_Onboard": "",
    "Charterer_Cleaning_Chemical_ROB": null,
    "Delay_Duration": null,
    "Miles": null,
    "Delay_Type": "",
    "Reason_for_Delay": "",
    "Delay_Remarks": "",
    "Port_Activity_Template": "",
    "Current_report_closing_time_LT_time": "2024-08-27T12:00:00.000Z",
    "Current_report_closing_time_LT_timeZone": 3,
    "Current_report_closing_time_LT_gmtTime": "2024-08-27T09:00:00.000Z",
    "Position_lat_degree": 27,
    "Position_lat_minute": 31,
    "Position_lat_second": 54,
    "Position_lat_direction": "S",
    "Position_lng_degree": 43,
    "Position_lng_minute": 4,
    "Position_lng_second": 48,
    "Position_lng_direction": "E",
    "Port_ETD_LT_time": "2024-09-20T12:00:00.000Z",
    "Port_ETD_LT_timeZone": 2,
    "Port_ETD_LT_gmtTime": "2024-09-20T10:00:00.000Z",
    "Next_Port_best_ETA_LT_time": "2024-09-18T08:00:00.000Z",
    "Next_Port_best_ETA_LT_timeZone": 2,
    "Next_Port_best_ETA_LT_gmtTime": "2024-09-18T06:00:00.000Z",
    "Next_Port_Required_ETA_LT_time": "2024-09-18T08:00:00.000Z",
    "Next_Port_Required_ETA_LT_timeZone": 2,
    "Next_Port_Required_ETA_LT_gmtTime": "2024-09-18T06:00:00.000Z",
    "Shore_Power_Connection_Start_Datetime_time": null,
    "Shore_Power_Connection_Start_Datetime_timeZone": null,
    "Shore_Power_Connection_Start_Datetime_gmtTime": null,
    "Shore_Power_Connection_End_Datetime_time": null,
    "Shore_Power_Connection_End_Datetime_timeZone": null,
    "Shore_Power_Connection_End_Datetime_gmtTime": null,
    "Delay_Start_time": null,
    "Delay_Start_timeZone": null,
    "Delay_Start_gmtTime": null,
    "Delay_End_time": null,
    "Delay_End_timeZone": null,
    "Delay_End_gmtTime": null,
    "syncStatus__clientNode": "not_synced",
    "status__clientNode": "submitted",
    "id__clientNode": "62087315-27d7-4884-ac69-f42088d319d1",
    "id": 16,
    "version__clientNode": 321
  }
]