[
  {
    "ID": 94,
    "Vessel Name": "CELSIUS GLARUS",
    "Imo Number": 9945459,
    "Current report closing time LT (dd-mmm-yyyy hh:mm)": "2024-03-19T12:00:00.000Z",
    "UTC Correction Time": -2,
    "Report Type": "Noon Sea",
    "Report Period": 23,
    "Position Latitude Deg": 4,
    "Position Latitude Minsec": 2.1,
    "Position Latitude N S": "S",
    "Position Longitude Deg": 33,
    "Position Longitude Min sec": 56.4,
    "Position Longitude E W": "W",
    "Load Condition": "Laden",
    "Mean Draught (m)": 10.7,
    "Voyage No": "02L",
    "Next Intended Cargo Handling Port - Country Name": "INDIA",
    "Next Intended Cargo Handling Port Name": "Dhamra Port",
    "Current Country Name": null,
    "Current Port Name": null,
    "Is Cargo Ops taking place Outside Port Limit?": null,
    "Instucted Speed Value knots": 17.39,
    "Beaufort force": 4,
    "Wind coming From degree True Wind Direction": 90,
    "Wave height (m)": 1.5,
    "Waves going towards Degree True Swell Direction": 90,
    "Vessel Heading Degree Absolue Direction": 126,
    "Sea Water Temp (deg C)": 26,
    "Barometric Pressure millibar": 1008,
    "NBOG (Natural Boil Off Gas)": null,
    "Observed GPS Distance nm (Propulsion + Drifting)": 412,
    "Log Distance nm": 420,
    "Drifting Distance nm": 0,
    "Observed distance in Beaufort Scale greater than 5": 0,
    "Distance To Go (nm)": 8947,
    "Next Port best ETA LT (dd-mmm-yyyy hh:mm)": "2024-04-10T06:00:00.000Z",
    "Next Port Required ETA LT (dd-mmm-yyyy hh:mm)": "2024-04-10T06:00:00.000Z",
    "Required Speed for ETA (kn)": 17.39,
    "Anchorage hours Hrs": 0,
    "M.E Room Temp (deg C)": 37,
    "Propulsion Hrs": 23,
    "ME #1 Average RPM": 70.2,
    "ME #2 Average RPM": 70.6,
    "ME #1 Rhrs.": 23,
    "ME #2 Rhrs.": 23,
    "ME #1 Shaft Power (kW)": 8826.9,
    "ME #2 Shaft Power (kW)": 8714.9,
    "ME #1 kwh Counter": 13633073,
    "ME #2 kwh Counter": 13071466,
    "ME #1 TC1 RPM": 18760,
    "ME #1 TC2 RPM": null,
    "ME #2 TC1 RPM": 19240,
    "ME #2 TC2 RPM": null,
    "ME #1 Scavenge Air Temp (deg C)": 44,
    "ME #2 Scavenge Air Temp (deg C)": 44,
    "ME #1 Air Cooler Cooling Water inlet Temp (deg C)": 28,
    "ME #2 Air Cooler Cooling Water inlet Temp (deg C)": 28,
    "ME #1 Scav Air Pressure (bar)": 2.9,
    "ME #2 Scav Air Pressure (bar)": 3.1,
    "AE1 Running Hours": 0,
    "AE2 Running Hours": 22,
    "AE3 Running Hours": 2,
    "AE4 Running Hours": 0,
    "AE5 Running Hours": null,
    "AE1 kWh": 0,
    "AE2 kWh": 46339,
    "AE3 kWh": 3488,
    "AE4 kWh": 0,
    "AE5 kWh": null,
    "Shaft Generator Power kWh": null,
    "ME #1 Fuel Mode": "Tier III (Gas)",
    "ME #2 Fuel Mode": "Tier III (Gas)",
    "ME #1 Cons MT HFO": 0,
    "ME #1 Cons MT LFO": 0,
    "ME #1 Cons MT MGO": 0,
    "ME #1 Cons MT LNG": 30.3,
    "ME #2 Cons MT HFO": 0,
    "ME #2 Cons MT LFO": 0.3,
    "ME #2 Cons MT MGO": 0,
    "ME #2 Cons MT LNG": 32.4,
    "M E #1 Pilot Injector Cons MT HFO": 0,
    "M E #1 Pilot Injector Cons MT LFO": 0.2,
    "M E #1 Pilot Injector Cons MT MGO": 0,
    "M E #2 Pilot Injector Cons MT HFO": 0,
    "M E #2 Pilot Injector Cons MT LFO": 0.2,
    "M E #2 Pilot Injector Cons MT MGO": 0,
    "Aux Engine Cons MT HFO": 0,
    "Aux Engine Cons MT LFO": 0,
    "Aux Engine Cons MT MGO": 0.7,
    "Aux Engine Cons MT LNG": 9,
    "Boiler Cons MT HFO": 0,
    "Boiler Cons MT LFO": 0,
    "Boiler Cons MT MGO": 0,
    "GCU Cons MT MGO": 0,
    "GCU Cons MT LNG": 0,
    "IGG Cons MT HFO": 0,
    "IGG Cons MT LFO": 0,
    "IGG Cons MT MGO": 0,
    "IGG Cons MT LNG": 0,
    "Total LNG onboard as per CTS (m3)": 144951.7,
    "Opening CTS on Arrival (m3)": null,
    "Closing CTS or Departure (m3)": null,
    "Total Boil off (m3)": 161.3,
    "LNG Density (mt/m3)": 432.2,
    "Tank #1 Pressure mbar (a)": 1142,
    "Tank #1 Level Mtrs.": 22.924,
    "Tank #1 ROB Vol (m3)": 21210.898,
    "Tank #1 Temp. Liq temp (deg C)": 159.6,
    "Tank #1 Vap Temp (deg C)": 147.5,
    "Tank #2 Pressure mbar (a)": 1143,
    "Tank #2 Level Mtrs.": 22.346,
    "Tank #2 ROB Vol (m3)": 41561.264,
    "Tank #2 Temp. Liq temp (deg C)": 159.7,
    "Tank #2 Vap Temp (deg C)": 133.9,
    "Tank #3 Pressure mbar (a)": 1142,
    "Tank #3 Level Mtrs.": 21.782,
    "Tank #3 ROB Vol (m3)": 40620.493,
    "Tank #3 Temp. Liq temp (deg C)": 159.6,
    "Tank #3 Vap Temp (deg C)": 135.8,
    "Tank #4 Pressure mbar (a)": 1142,
    "Tank #4 Level Mtrs.": 22.339,
    "Tank #4 ROB Vol (m3)": 41559.051,
    "Tank #4 Temp. Liq temp (deg C)": 159.6,
    "Tank #4 Vap Temp (deg C)": 137.5,
    "LCV value of Fuel used ME #1 (kJ/kg)": 49770,
    "LCV value of Fuel used ME #2 (kJ/kg)": 49770,
    "LCV value of Fuel used AE (kJ/kg)": 49770,
    "LCV value of Fuel used BLR kJ/kg)": 42680,
    "Sulphur Percent of Fuel used ME #1": 0.01,
    "Sulphur Percent of Fuel used ME #2": 0.01,
    "ME #1 Qty of CLO used (litres)": 196,
    "ME #2 Qty of CLO used (litres)": 192,
    "ME #1 CLO Running Condition": "NORMAL",
    "ME #2 CLO Running Condition": "NORMAL",
    "Viscocity@50°C HFO": null,
    "Viscocity@50°C LFO": null,
    "Bunker Rcvd/Debunkered/Corrections MT HFO (Report debunker as negative)": null,
    "Bunker Rcvd/Debunkered/Corrections MT LFO (Report debunker as negative)": null,
    "Bunker Rcvd/Debunkered/Corrections MT MGO (Report debunker as negative)": null,
    "ROB MT HFO": 0,
    "ROB MT LFO": 2121.4,
    "ROB MT MGO": 1049.7,
    "Is Voyage through Ice (Yes/No)": "No",
    "Is Voyage for Safety of Ship (Yes/No)": null,
    "Reason for Safety Voyage": null,
    "Is STS Ops (Yes/No)": null,
    "Re-Liq Plant Running hours": null,
    "kWh counter available for kWh Power consumed by Re-Liq Plant (Yes/No)": "No",
    "kWh consumed by Re-Liq Plant": null,
    "Flow rate through Re-Liq. Plant (m3/h)": null,
    "Part of A.E Cons for Operating Re-Liq Plant HFO": null,
    "Part of A.E Cons for Operating Re-Liq Plant LFO": null,
    "Part of A.E Cons for Operating Re-Liq Plant MGO": null,
    "Part of A.E Cons for Operating Re-Liq Plant LNG": null,
    "Loaded Nitrogen Content in LNG (mt)": null,
    "Discharged Nitrogen Content in LNG (mt)": null,
    "Comments": null,
    "Errors": ""
  }
]