[
  {
    "is_first_report__clientNode": true,
    "Vessel_Name": "ECO YOSEMITE PARK",
    "IMO_Number": "9877573",
    "Report_Type": "COSP",
    "Berth_Status": null,
    "Report_Period": 0,
    "Load_Condition": "",
    "Voyage_No": "2407",
    "Next_Country": "Spain",
    "Next_Port": "Huelva",
    "Current_Country_Name": null,
    "Current_Port_Name": null,
    "Is_Outside_Port_Limit": null,
    "In_Transit": false,
    "Next_Port_Transit_Via": "CAPE OF GOOD HOPE",
    "Instructed_Speed_Value_knots": 12.5,
    "Observed_GPS_Distance_nm": 6,
    "Log_Distance_nm": 6,
    "Drifting_Distance_nm": null,
    "Observed_distance_in_Beaufort_Scale_greater_than_5": null,
    "Distance_To_Go_nm": 10795,
    "Required_Speed_for_ETA_kn": 12.323059360730594,
    "Anchorage_hours_Hrs": null,
    "Is_Voyage_through_Ice": null,
    "Is_Voyage_for_Safety_of_Ship": "",
    "Reason_for_Safety_Voyage": null,
    "Is_STS_Ops": null,
    "Engine_Distance_nm": 6.6,
    "Cargo_Onbord_mt": 25898.9,
    "Deadweight_Carried_onboard_mt": 28359,
    "Displacement_mt": 38948,
    "Steaming_Hours": 1.1,
    "Salinty": 1.02,
    "Ballast": 200,
    "Comments": "0200H-COSP",
    "Master_Name": "ELMER C DANTES",
    "CE_Name": "NEAL C RIDOR",
    "Mean_Draught_m": 9.2,
    "Forward_Draught_m": 8.7,
    "Afterward_Draught_m": 9.7,
    "Beaufort_force": "3",
    "Wind_coming_From_degree_True_Wind_Direction": 180,
    "Wave_height_m": 0.5,
    "Waves_going_towards_Degree_True_Swell_Direction": 0,
    "Vessel_Heading_Degree_Absolue_Direction": 244,
    "Sea_Water_Temp_deg_C": 29,
    "Barometric_Pressure_millibar": 1018,
    "Engine_Room_Temp_deg_C": 39,
    "Atmosphere_Air_Temp_deg_C": 30,
    "Bar_Movement": "STEADY",
    "Sea_Direction": "S",
    "Swell_Direction": "S",
    "Wind_Direction": "S",
    "Current_Direction": "With",
    "Bad_Weather_Hours": null,
    "Bad_Weather_Distance": null,
    "Sea_Height": 0.5,
    "Swell_Height": 0.5,
    "Current": 0.2,
    "Propulsion_Hrs": 1.1,
    "ME_1_Average_RPM": 32.7,
    "ME_2_Average_RPM": null,
    "ME_1_Running_Hours": 1.1,
    "ME_2_Running_Hours": null,
    "ME_1_Shaft_Power_kW": 1800,
    "ME_2_Shaft_Power_kW": null,
    "ME_1_Shaft_Energy_kWh_Counter": null,
    "ME_2_Shaft_Energy_kWh_Counter": null,
    "ME_1_TC1_RPM": 9823,
    "ME_1_TC2_RPM": null,
    "ME_2_TC1_RPM": null,
    "ME_2_TC2_RPM": null,
    "ME_1_Scavenge_Air_Temp_deg_C": 36,
    "ME_2_Scavenge_Air_Temp_deg_C": null,
    "ME_1_Air_Cooler_Cooling_Water_inlet_Temp_deg_C": 32,
    "ME_2_Air_Cooler_Cooling_Water_inlet_Temp_deg_C": null,
    "ME_1_Scavenge_Air_Pressure_bar": 0.68,
    "ME_2_Scavenge_Air_Pressure_bar": null,
    "AE_1_Running_Hours": null,
    "AE_2_Running_Hours": 1.2,
    "AE_3_Running_Hours": 1.2,
    "AE_4_Running_Hours": null,
    "AE_1_Power_kWh": null,
    "AE_2_Power_kWh": 310.8,
    "AE_3_Power_kWh": 314.4,
    "AE_4_Power_kWh": null,
    "Shore_Power_Used": "",
    "Shore_Power_Connection_Counter_kWh": null,
    "Total_Shore_Power_Energy_Consumed_Since_Last_Report_kWh": null,
    "Boiler_1_Running_Hours": null,
    "Boiler_2_Running_Hours": null,
    "Boiler_1_Steam_Pressure": null,
    "Boiler_2_Steam_Pressure": null,
    "Incinerator_Hours": null,
    "FW_Generator_Hours": null,
    "CLO_Bunkered_De_Dunkered_litres": "",
    "ROB_Of_CLO_litres": null,
    "MECC_Bunkered_De_bunkered_litres": null,
    "ROB_Of_MECC_litres": null,
    "Qty_Of_MECC_Used_litres": null,
    "AECC_Bunkered_De_bunkered_litres": null,
    "ROB_Of_AECC_litres": null,
    "Qty_Of_AECC_Used_litres": null,
    "ME_1_Qty_Of_CLO_Used_litres": 5,
    "ME_2_Qty_Of_CLO_Used_litres": null,
    "ME_1_CLO_Running_Condition": "Normal Operation",
    "ME_2_CLO_Running_Condition": "",
    "Distilled_Water_Received": null,
    "Distilled_Water_Consumed": null,
    "Distilled_Water_ROB": null,
    "Distilled_Water_Produced": null,
    "Fresh_Water_Received": null,
    "Fresh_Water_Consumed": 1,
    "Fresh_Water_ROB": 181,
    "Slops_Received": null,
    "Slops_ROB": null,
    "Charterer_Cleaning_Kit_Onboard": "",
    "Charterer_Cleaning_Chemical_ROB": null,
    "Delay_Duration": null,
    "Miles": null,
    "Delay_Type": "",
    "Reason_for_Delay": "",
    "Delay_Remarks": "",
    "Port_Activity_Template": "FUELING",
    "Current_report_closing_time_LT_time": "2024-08-13T02:00:00.000Z",
    "Current_report_closing_time_LT_timeZone": 8,
    "Current_report_closing_time_LT_gmtTime": "2024-08-12T18:00:00.000Z",
    "Position_lat_degree": 1,
    "Position_lat_minute": 11,
    "Position_lat_second": 36,
    "Position_lat_direction": "N",
    "Position_lng_degree": 103,
    "Position_lng_minute": 51,
    "Position_lng_second": 6,
    "Position_lng_direction": "E",
    "Port_ETD_LT_time": "2024-09-20T12:00:00.000Z",
    "Port_ETD_LT_timeZone": 2,
    "Port_ETD_LT_gmtTime": "2024-09-20T10:00:00.000Z",
    "Next_Port_best_ETA_LT_time": "2024-09-18T08:00:00.000Z",
    "Next_Port_best_ETA_LT_timeZone": 2,
    "Next_Port_best_ETA_LT_gmtTime": "2024-09-18T06:00:00.000Z",
    "Next_Port_Required_ETA_LT_time": "2024-09-18T08:00:00.000Z",
    "Next_Port_Required_ETA_LT_timeZone": 2,
    "Next_Port_Required_ETA_LT_gmtTime": "2024-09-18T06:00:00.000Z",
    "Shore_Power_Connection_Start_Datetime_time": null,
    "Shore_Power_Connection_Start_Datetime_timeZone": null,
    "Shore_Power_Connection_Start_Datetime_gmtTime": null,
    "Shore_Power_Connection_End_Datetime_time": null,
    "Shore_Power_Connection_End_Datetime_timeZone": null,
    "Shore_Power_Connection_End_Datetime_gmtTime": null,
    "Delay_Start_time": null,
    "Delay_Start_timeZone": null,
    "Delay_Start_gmtTime": null,
    "Delay_End_time": null,
    "Delay_End_timeZone": null,
    "Delay_End_gmtTime": null,
    "syncStatus__clientNode": "not_synced",
    "status__clientNode": "submitted",
    "id__clientNode": "62087315-27d7-4884-ac69-f42088d319d1",
    "id": 1,
    "version__clientNode": 321
  },
  {
    "is_first_report__clientNode": false,
    "Vessel_Name": "ECO YOSEMITE PARK",
    "IMO_Number": "9877573",
    "Report_Type": "Noon Sea",
    "Berth_Status": null,
    "Report_Period": 10,
    "Load_Condition": "",
    "Voyage_No": "2407",
    "Next_Country": "Spain",
    "Next_Port": "Huelva",
    "Current_Country_Name": null,
    "Current_Port_Name": null,
    "Is_Outside_Port_Limit": null,
    "In_Transit": "",
    "Next_Port_Transit_Via": "CAPE OF GOOD HOPE",
    "Instructed_Speed_Value_knots": 12.5,
    "Observed_GPS_Distance_nm": 125,
    "Log_Distance_nm": 121,
    "Drifting_Distance_nm": null,
    "Observed_distance_in_Beaufort_Scale_greater_than_5": null,
    "Distance_To_Go_nm": 10670,
    "Required_Speed_for_ETA_kn": 12.321016166281755,
    "Anchorage_hours_Hrs": null,
    "Is_Voyage_through_Ice": "",
    "Is_Voyage_for_Safety_of_Ship": "",
    "Reason_for_Safety_Voyage": null,
    "Is_STS_Ops": null,
    "Engine_Distance_nm": 121.13,
    "Cargo_Onbord_mt": 25898.9,
    "Deadweight_Carried_onboard_mt": 28359,
    "Displacement_mt": 38948,
    "Steaming_Hours": 10,
    "Salinty": 1.02,
    "Ballast": 200,
    "Comments": "FROM COSP TO NOON",
    "Master_Name": "ELMER C DANTES",
    "CE_Name": "NEAL C RIDOR",
    "Mean_Draught_m": 9.2,
    "Forward_Draught_m": 8.7,
    "Afterward_Draught_m": 9.7,
    "Beaufort_force": "3",
    "Wind_coming_From_degree_True_Wind_Direction": 90,
    "Wave_height_m": 0.5,
    "Waves_going_towards_Degree_True_Swell_Direction": 90,
    "Vessel_Heading_Degree_Absolue_Direction": 311,
    "Sea_Water_Temp_deg_C": 30,
    "Barometric_Pressure_millibar": 1016,
    "Engine_Room_Temp_deg_C": 39,
    "Atmosphere_Air_Temp_deg_C": 27,
    "Bar_Movement": "STEADY",
    "Sea_Direction": "E",
    "Swell_Direction": "E",
    "Wind_Direction": "E",
    "Current_Direction": "With",
    "Bad_Weather_Hours": null,
    "Bad_Weather_Distance": null,
    "Sea_Height": 0.5,
    "Swell_Height": 0.5,
    "Current": 0.2,
    "Propulsion_Hrs": 10,
    "ME_1_Average_RPM": 66.3,
    "ME_2_Average_RPM": null,
    "ME_1_Running_Hours": 10,
    "ME_2_Running_Hours": null,
    "ME_1_Shaft_Power_kW": 3400,
    "ME_2_Shaft_Power_kW": null,
    "ME_1_Shaft_Energy_kWh_Counter": null,
    "ME_2_Shaft_Energy_kWh_Counter": null,
    "ME_1_TC1_RPM": 11472,
    "ME_1_TC2_RPM": null,
    "ME_2_TC1_RPM": null,
    "ME_2_TC2_RPM": null,
    "ME_1_Scavenge_Air_Temp_deg_C": 36,
    "ME_2_Scavenge_Air_Temp_deg_C": null,
    "ME_1_Air_Cooler_Cooling_Water_inlet_Temp_deg_C": 33,
    "ME_2_Air_Cooler_Cooling_Water_inlet_Temp_deg_C": null,
    "ME_1_Scavenge_Air_Pressure_bar": 0.85,
    "ME_2_Scavenge_Air_Pressure_bar": null,
    "AE_1_Running_Hours": null,
    "AE_2_Running_Hours": 10,
    "AE_3_Running_Hours": 1.7,
    "AE_4_Running_Hours": null,
    "AE_1_Power_kWh": null,
    "AE_2_Power_kWh": 4790,
    "AE_3_Power_kWh": 438.6,
    "AE_4_Power_kWh": null,
    "Shore_Power_Used": "",
    "Shore_Power_Connection_Counter_kWh": null,
    "Total_Shore_Power_Energy_Consumed_Since_Last_Report_kWh": null,
    "Boiler_1_Running_Hours": null,
    "Boiler_2_Running_Hours": null,
    "Boiler_1_Steam_Pressure": null,
    "Boiler_2_Steam_Pressure": null,
    "Incinerator_Hours": null,
    "FW_Generator_Hours": null,
    "CLO_Bunkered_De_Dunkered_litres": "",
    "ROB_Of_CLO_litres": null,
    "MECC_Bunkered_De_bunkered_litres": null,
    "ROB_Of_MECC_litres": null,
    "Qty_Of_MECC_Used_litres": null,
    "AECC_Bunkered_De_bunkered_litres": null,
    "ROB_Of_AECC_litres": null,
    "Qty_Of_AECC_Used_litres": null,
    "ME_1_Qty_Of_CLO_Used_litres": 40,
    "ME_2_Qty_Of_CLO_Used_litres": null,
    "ME_1_CLO_Running_Condition": "Normal Operation",
    "ME_2_CLO_Running_Condition": "",
    "Distilled_Water_Received": null,
    "Distilled_Water_Consumed": null,
    "Distilled_Water_ROB": null,
    "Distilled_Water_Produced": null,
    "Fresh_Water_Received": null,
    "Fresh_Water_Consumed": 3,
    "Fresh_Water_ROB": 178,
    "Slops_Received": null,
    "Slops_ROB": null,
    "Charterer_Cleaning_Kit_Onboard": "",
    "Charterer_Cleaning_Chemical_ROB": null,
    "Delay_Duration": null,
    "Miles": null,
    "Delay_Type": "",
    "Reason_for_Delay": "",
    "Delay_Remarks": "",
    "Port_Activity_Template": "",
    "Current_report_closing_time_LT_time": "2024-08-13T12:00:00.000Z",
    "Current_report_closing_time_LT_timeZone": 8,
    "Current_report_closing_time_LT_gmtTime": "2024-08-13T04:00:00.000Z",
    "Position_lat_degree": 2,
    "Position_lat_minute": 6,
    "Position_lat_second": 30,
    "Position_lat_direction": "N",
    "Position_lng_degree": 102,
    "Position_lng_minute": 5,
    "Position_lng_second": 18,
    "Position_lng_direction": "E",
    "Port_ETD_LT_time": "2024-09-20T08:00:00.000Z",
    "Port_ETD_LT_timeZone": 2,
    "Port_ETD_LT_gmtTime": "2024-09-20T06:00:00.000Z",
    "Next_Port_best_ETA_LT_time": "2024-09-18T00:00:00.000Z",
    "Next_Port_best_ETA_LT_timeZone": 2,
    "Next_Port_best_ETA_LT_gmtTime": "2024-09-17T22:00:00.000Z",
    "Next_Port_Required_ETA_LT_time": "2024-09-18T08:00:00.000Z",
    "Next_Port_Required_ETA_LT_timeZone": 2,
    "Next_Port_Required_ETA_LT_gmtTime": "2024-09-18T06:00:00.000Z",
    "Shore_Power_Connection_Start_Datetime_time": null,
    "Shore_Power_Connection_Start_Datetime_timeZone": null,
    "Shore_Power_Connection_Start_Datetime_gmtTime": null,
    "Shore_Power_Connection_End_Datetime_time": null,
    "Shore_Power_Connection_End_Datetime_timeZone": null,
    "Shore_Power_Connection_End_Datetime_gmtTime": null,
    "Delay_Start_time": null,
    "Delay_Start_timeZone": null,
    "Delay_Start_gmtTime": null,
    "Delay_End_time": null,
    "Delay_End_timeZone": null,
    "Delay_End_gmtTime": null,
    "syncStatus__clientNode": "not_synced",
    "status__clientNode": "submitted",
    "id__clientNode": "62087315-27d7-4884-ac69-f42088d319d1",
    "id": 2,
    "version__clientNode": 321
  },
  {
    "is_first_report__clientNode": false,
    "Vessel_Name": "ECO YOSEMITE PARK",
    "IMO_Number": "9877573",
    "Report_Type": "Noon Sea",
    "Berth_Status": null,
    "Report_Period": 24,
    "Load_Condition": "",
    "Voyage_No": "2407",
    "Next_Country": "Spain",
    "Next_Port": "Huelva",
    "Current_Country_Name": null,
    "Current_Port_Name": null,
    "Is_Outside_Port_Limit": null,
    "In_Transit": "",
    "Next_Port_Transit_Via": "CAPE OF GOOD HOPE",
    "Instructed_Speed_Value_knots": 12.5,
    "Observed_GPS_Distance_nm": 312,
    "Log_Distance_nm": null,
    "Drifting_Distance_nm": null,
    "Observed_distance_in_Beaufort_Scale_greater_than_5": null,
    "Distance_To_Go_nm": 10358,
    "Required_Speed_for_ETA_kn": 12.30166270783848,
    "Anchorage_hours_Hrs": null,
    "Is_Voyage_through_Ice": "",
    "Is_Voyage_for_Safety_of_Ship": "",
    "Reason_for_Safety_Voyage": null,
    "Is_STS_Ops": null,
    "Engine_Distance_nm": 316.2,
    "Cargo_Onbord_mt": 25898.9,
    "Deadweight_Carried_onboard_mt": 28359,
    "Displacement_mt": 38948,
    "Steaming_Hours": 24,
    "Salinty": 1.02,
    "Ballast": 200,
    "Comments": "NOON TO NOON REPORT",
    "Master_Name": "ELMER C DANTES",
    "CE_Name": "NEAL C RIDOR",
    "Mean_Draught_m": 9.2,
    "Forward_Draught_m": 8.7,
    "Afterward_Draught_m": 9.7,
    "Beaufort_force": "3",
    "Wind_coming_From_degree_True_Wind_Direction": 180,
    "Wave_height_m": 0.3,
    "Waves_going_towards_Degree_True_Swell_Direction": 180,
    "Vessel_Heading_Degree_Absolue_Direction": 310,
    "Sea_Water_Temp_deg_C": 30,
    "Barometric_Pressure_millibar": 1018,
    "Engine_Room_Temp_deg_C": 39,
    "Atmosphere_Air_Temp_deg_C": 30,
    "Bar_Movement": "STEADY",
    "Sea_Direction": "S",
    "Swell_Direction": "S",
    "Wind_Direction": "S",
    "Current_Direction": "With",
    "Bad_Weather_Hours": null,
    "Bad_Weather_Distance": null,
    "Sea_Height": 0.5,
    "Swell_Height": 0.5,
    "Current": 1,
    "Propulsion_Hrs": 24,
    "ME_1_Average_RPM": 71.5,
    "ME_2_Average_RPM": null,
    "ME_1_Running_Hours": 24,
    "ME_2_Running_Hours": null,
    "ME_1_Shaft_Power_kW": 2900,
    "ME_2_Shaft_Power_kW": null,
    "ME_1_Shaft_Energy_kWh_Counter": null,
    "ME_2_Shaft_Energy_kWh_Counter": null,
    "ME_1_TC1_RPM": 10407,
    "ME_1_TC2_RPM": null,
    "ME_2_TC1_RPM": null,
    "ME_2_TC2_RPM": null,
    "ME_1_Scavenge_Air_Temp_deg_C": 36,
    "ME_2_Scavenge_Air_Temp_deg_C": null,
    "ME_1_Air_Cooler_Cooling_Water_inlet_Temp_deg_C": 33,
    "ME_2_Air_Cooler_Cooling_Water_inlet_Temp_deg_C": null,
    "ME_1_Scavenge_Air_Pressure_bar": 0.68,
    "ME_2_Scavenge_Air_Pressure_bar": null,
    "AE_1_Running_Hours": null,
    "AE_2_Running_Hours": 24,
    "AE_3_Running_Hours": null,
    "AE_4_Running_Hours": null,
    "AE_1_Power_kWh": null,
    "AE_2_Power_kWh": 11952,
    "AE_3_Power_kWh": null,
    "AE_4_Power_kWh": null,
    "Shore_Power_Used": "",
    "Shore_Power_Connection_Counter_kWh": null,
    "Total_Shore_Power_Energy_Consumed_Since_Last_Report_kWh": null,
    "Boiler_1_Running_Hours": null,
    "Boiler_2_Running_Hours": null,
    "Boiler_1_Steam_Pressure": null,
    "Boiler_2_Steam_Pressure": null,
    "Incinerator_Hours": null,
    "FW_Generator_Hours": 24,
    "CLO_Bunkered_De_Dunkered_litres": "",
    "ROB_Of_CLO_litres": null,
    "MECC_Bunkered_De_bunkered_litres": null,
    "ROB_Of_MECC_litres": null,
    "Qty_Of_MECC_Used_litres": null,
    "AECC_Bunkered_De_bunkered_litres": null,
    "ROB_Of_AECC_litres": null,
    "Qty_Of_AECC_Used_litres": null,
    "ME_1_Qty_Of_CLO_Used_litres": 135,
    "ME_2_Qty_Of_CLO_Used_litres": null,
    "ME_1_CLO_Running_Condition": "Normal Operation",
    "ME_2_CLO_Running_Condition": "",
    "Distilled_Water_Received": null,
    "Distilled_Water_Consumed": null,
    "Distilled_Water_ROB": null,
    "Distilled_Water_Produced": null,
    "Fresh_Water_Received": null,
    "Fresh_Water_Consumed": 3,
    "Fresh_Water_ROB": 183,
    "Slops_Received": null,
    "Slops_ROB": null,
    "Charterer_Cleaning_Kit_Onboard": "",
    "Charterer_Cleaning_Chemical_ROB": null,
    "Delay_Duration": null,
    "Miles": null,
    "Delay_Type": "",
    "Reason_for_Delay": "",
    "Delay_Remarks": "",
    "Port_Activity_Template": "",
    "Current_report_closing_time_LT_time": "2024-08-14T12:00:00.000Z",
    "Current_report_closing_time_LT_timeZone": 8,
    "Current_report_closing_time_LT_gmtTime": "2024-08-14T04:00:00.000Z",
    "Position_lat_degree": 5,
    "Position_lat_minute": 24,
    "Position_lat_second": 48,
    "Position_lat_direction": "N",
    "Position_lng_degree": 98,
    "Position_lng_minute": 0,
    "Position_lng_second": 36,
    "Position_lng_direction": "E",
    "Port_ETD_LT_time": "2024-09-20T12:00:00.000Z",
    "Port_ETD_LT_timeZone": 2,
    "Port_ETD_LT_gmtTime": "2024-09-20T10:00:00.000Z",
    "Next_Port_best_ETA_LT_time": "2024-09-18T00:00:00.000Z",
    "Next_Port_best_ETA_LT_timeZone": 2,
    "Next_Port_best_ETA_LT_gmtTime": "2024-09-17T22:00:00.000Z",
    "Next_Port_Required_ETA_LT_time": "2024-09-18T08:00:00.000Z",
    "Next_Port_Required_ETA_LT_timeZone": 2,
    "Next_Port_Required_ETA_LT_gmtTime": "2024-09-18T06:00:00.000Z",
    "Shore_Power_Connection_Start_Datetime_time": null,
    "Shore_Power_Connection_Start_Datetime_timeZone": null,
    "Shore_Power_Connection_Start_Datetime_gmtTime": null,
    "Shore_Power_Connection_End_Datetime_time": null,
    "Shore_Power_Connection_End_Datetime_timeZone": null,
    "Shore_Power_Connection_End_Datetime_gmtTime": null,
    "Delay_Start_time": null,
    "Delay_Start_timeZone": null,
    "Delay_Start_gmtTime": null,
    "Delay_End_time": null,
    "Delay_End_timeZone": null,
    "Delay_End_gmtTime": null,
    "syncStatus__clientNode": "not_synced",
    "status__clientNode": "submitted",
    "id__clientNode": "62087315-27d7-4884-ac69-f42088d319d1",
    "id": 3,
    "version__clientNode": 321
  }
]